price,bedrooms,living_area_sqft,year_built,neighborhood
215000,3,1656,1960,NAmes
105000,2,896,1961,NAmes
172000,3,1329,1958,NAmes
244000,3,2110,1968,NAmes
189900,3,1629,1997,Gilbert
195500,3,1604,1998,Gilbert
213500,2,1338,2001,StoneBr
191500,2,1280,1992,StoneBr
236500,2,1616,1995,StoneBr
189000,3,1804,1999,Gilbert
175900,3,1655,1993,Gilbert
185000,3,1187,1992,Gilbert
180400,3,1465,1998,Gilbert
171500,2,1341,1990,Gilbert
212000,1,1502,1985,StoneBr
538000,4,3279,2003,StoneBr
164000,4,1752,1988,Gilbert
394432,1,1856,2010,StoneBr
141000,2,864,1951,Gilbert
210000,3,2073,1978,NWAmes
190000,3,1844,1977,NWAmes
170000,3,1173,1974,NWAmes
216000,3,1674,2000,Somerst
149000,2,1004,1970,NAmes
149900,3,1078,1971,NAmes
142000,3,1056,1968,NAmes
126000,2,882,1970,NAmes
115000,3,864,1971,NAmes
184000,2,1337,1999,NAmes
96000,2,987,1971,BrDale
105500,3,1092,1971,BrDale
88000,3,1092,1971,BrDale
127500,2,1069,1977,NPkVill
149900,3,1456,1975,NPkVill
120000,2,836,1975,NPkVill
146000,3,1456,1978,NPkVill
376162,3,2334,2009,NridgHt
306000,3,1704,2007,NridgHt
395192,3,1940,2009,NridgHt
290941,3,1544,2009,NridgHt
220000,3,1541,2005,NridgHt
275000,3,1698,2005,NridgHt
259000,3,1822,2005,NridgHt
214000,3,1535,2004,NridgHt
611657,2,2364,2009,NridgHt
224000,2,1358,2009,NridgHt
500000,3,2696,2003,NridgHt
320000,3,2250,2002,NridgHt
319900,2,1752,2005,NridgHt
205000,2,1370,2006,NridgHt
175500,2,1626,2003,NridgHt
199500,3,1324,2005,Gilbert
160000,2,1145,2006,Blmngtn
192000,2,1269,2004,Blmngtn
184500,3,1374,2004,Gilbert
216500,4,1960,2002,Gilbert
185088,3,1733,2004,Gilbert
180000,3,1430,2000,Gilbert
222500,3,2035,2001,Gilbert
333168,4,2599,1999,NoRidge
355000,4,2475,1998,NoRidge
260400,3,1720,1996,NoRidge
325000,3,2622,1994,NoRidge
290000,4,2270,1999,NoRidge
221000,4,1839,1998,NoRidge
410000,4,3238,1995,NoRidge
221500,2,1595,2005,Somerst
204500,2,1218,2009,Somerst
215200,3,1547,2009,Somerst
262500,3,1566,2008,Somerst
254900,3,1947,2004,Somerst
271500,2,1468,2005,Somerst
233000,4,2084,2004,SawyerW
181000,3,1659,2004,SawyerW
205000,3,2110,1994,SawyerW
143000,2,923,1980,SawyerW
189000,3,1845,1992,SawyerW
99500,2,918,1979,SawyerW
125000,2,752,1984,SawyerW
194500,3,1744,1993,SawyerW
152000,3,1097,1984,SawyerW
171000,3,1564,1980,SawyerW
67500,2,1012,1920,SawyerW
112000,4,1902,1978,Sawyer
148000,3,1155,1961,Sawyer
138500,3,894,1965,Sawyer
122000,3,900,1967,Sawyer
133000,3,1040,1963,Sawyer
127000,3,1040,1962,Sawyer
169000,3,1494,1974,Sawyer
190000,3,1923,1992,NoRidge
362500,4,2349,1993,NoRidge
285000,4,2225,1992,NoRidge
260000,2,1488,2004,Somerst
190000,2,1680,2004,Somerst
155000,2,1200,2004,Somerst
151000,2,1200,2004,Somerst
149500,2,1200,2004,Somerst
152000,2,1236,2005,Somerst
222000,2,1478,2009,Somerst
177500,3,1573,2000,Somerst
177000,2,1512,2000,Somerst
155000,3,1416,1999,Somerst
147110,2,1080,2003,Somerst
267916,1,1418,2010,Somerst
254000,3,1848,2000,Somerst
155000,1,788,1980,Greens
206000,1,1226,1978,Greens
130500,3,1479,1976,Sawyer
230000,3,1492,2002,Somerst
218500,4,1829,1967,NWAmes
243500,4,2495,1993,NWAmes
205000,3,1610,1977,NWAmes
212500,3,1891,1978,NWAmes
196500,3,1714,1988,NWAmes
197500,3,1381,1972,NWAmes
171000,4,1645,1971,NWAmes
142250,3,1232,1966,NAmes
143000,3,1328,1963,NWAmes
128950,3,1225,1959,NAmes
159000,3,1209,1966,NAmes
178900,3,1510,1967,NAmes
136300,3,1775,1964,NAmes
180500,3,1152,1964,NAmes
137500,3,1054,1963,NAmes
84900,6,1728,1962,NAmes
142125,2,1078,1950,NAmes
197600,3,2461,1952,NAmes
172500,3,1556,1949,NAmes
116500,2,858,1958,BrkSide
76500,3,1306,1940,BrkSide
128000,3,1063,1954,NAmes
153000,3,1520,1955,NAmes
132000,2,1268,1954,NAmes
178000,2,1128,1966,NAmes
154300,5,2274,1960,NAmes
180000,3,2207,1970,NAmes
190000,2,1888,1966,NAmes
135000,4,1604,1958,NAmes
214000,3,1480,2003,NAmes
136000,3,1143,1959,NAmes
165500,4,1700,1959,NAmes
145000,3,1314,1957,NAmes
148000,3,1194,1959,NAmes
142000,3,1188,1959,NAmes
167500,3,1264,1960,NAmes
108538,3,1206,1959,NAmes
159500,3,1580,1959,NAmes
108000,3,1337,1956,NAmes
135000,2,1064,1952,NAmes
122500,3,972,1955,NAmes
119000,2,988,1958,NAmes
109000,3,1057,1953,NAmes
105000,2,985,1920,NAmes
107500,2,827,1955,NAmes
144900,3,1086,1954,NAmes
129000,2,936,1956,NAmes
97500,3,1458,1948,NAmes
144000,0,1056,1980,OldTown
162000,3,1287,1959,NAmes
242000,5,2978,1967,NAmes
132000,3,1224,1948,NAmes
154000,3,1246,1959,NAmes
166000,4,1385,1952,NAmes
134800,3,900,1951,NAmes
160000,3,1116,1962,NAmes
148000,3,1175,1960,NAmes
192000,2,1395,1963,NAmes
155000,4,1839,1966,NAmes
80400,3,1844,1900,OldTown
96500,3,1140,1910,OldTown
109500,2,936,1920,OldTown
115000,2,1028,1927,OldTown
143000,3,1347,1957,OldTown
107400,3,1605,1915,OldTown
80000,2,747,1945,OldTown
119000,2,804,1940,OldTown
130000,3,1316,1929,OldTown
119000,3,1251,1938,OldTown
129000,3,1633,1948,OldTown
100000,3,1245,1920,OldTown
12789,2,832,1923,OldTown
105900,2,720,1928,OldTown
150000,3,1566,1900,OldTown
139000,4,1652,1915,OldTown
240000,3,2268,1890,OldTown
76500,4,2256,1910,OldTown
149700,2,1236,1957,OldTown
125500,3,1363,1910,OldTown
122500,4,2290,1885,OldTown
140750,2,1470,1922,OldTown
128500,3,1612,1950,BrkSide
209500,3,2068,1922,BrkSide
87000,2,765,1925,BrkSide
134000,2,1132,1939,BrkSide
128000,3,1196,1940,BrkSide
132000,3,1453,1942,BrkSide
139900,3,1416,1948,BrkSide
123900,2,1040,1936,BrkSide
138400,4,1536,1930,BrkSide
109500,2,1068,1923,OldTown
140000,3,1710,1921,OldTown
149500,4,1962,1915,OldTown
159900,3,1560,1912,OldTown
122000,3,1324,1920,OldTown
110000,2,816,1963,IDOTRR
55000,3,1092,1930,IDOTRR
140000,4,1812,1900,OldTown
244400,4,2403,1940,ClearCr
173000,3,1675,1959,ClearCr
107500,3,1224,1917,ClearCr
100000,3,1392,1915,SWISU
95000,3,919,1940,SWISU
93369,4,1884,1907,SWISU
114900,2,1680,1910,SWISU
94000,2,1020,1875,Sawyer
136000,4,1832,1967,Sawyer
136500,4,1768,1968,Sawyer
131500,3,1039,1965,Sawyer
121500,3,1392,1957,Sawyer
125000,3,912,1967,Sawyer
154000,3,1060,1968,Sawyer
137900,3,892,1966,Sawyer
158000,4,1352,1969,Sawyer
137250,2,864,1968,Sawyer
160250,3,1373,1978,Sawyer
163000,4,1440,1968,Sawyer
158900,3,1386,1978,Sawyer
328000,3,2260,1996,ClearCr
270000,1,1483,1977,ClearCr
85000,2,756,1927,Sawyer
128000,2,1067,1950,Sawyer
260000,0,1524,1979,ClearCr
230000,4,1981,1978,ClearCr
124000,4,1610,1938,Edwards
83000,2,835,1920,Edwards
144500,3,1074,1950,Edwards
129000,3,1144,1956,Edwards
127000,3,1531,1947,Edwards
128000,3,1172,1954,Edwards
186000,3,1212,2009,Edwards
308030,1,1508,2009,Edwards
114000,3,1298,1964,Edwards
84900,2,930,1946,Edwards
178000,3,1732,1985,SawyerW
270000,1,1433,1987,SawyerW
218000,3,1802,1993,SawyerW
236000,3,1949,1993,SawyerW
147000,2,996,1992,SawyerW
245350,3,1694,2008,CollgCr
206000,2,1208,2006,CollgCr
198900,3,1226,2009,CollgCr
187000,2,1222,2010,CollgCr
320000,5,3222,1990,SawyerW
138500,3,1445,1900,SawyerW
155000,3,1052,1971,ClearCr
159000,2,965,1996,CollgCr
191000,3,1692,1997,CollgCr
200500,3,1682,1998,CollgCr
150000,3,1026,1977,CollgCr
161750,3,1392,1977,CollgCr
128200,3,894,1976,CollgCr
127000,3,876,1972,CollgCr
318000,3,1978,2003,CollgCr
272000,3,1601,2001,CollgCr
237000,3,1829,2003,CollgCr
240000,4,2098,1997,CollgCr
224900,3,1661,1998,CollgCr
143750,1,848,2003,CollgCr
143000,1,848,2004,CollgCr
232000,3,1668,2003,CollgCr
213000,3,1484,2004,CollgCr
185500,3,1414,2004,CollgCr
84900,2,640,1945,Edwards
155891,3,992,1954,Edwards
100000,4,1664,1965,Edwards
144000,3,1196,1968,Edwards
64000,2,1120,1948,Edwards
125200,3,1096,1975,Edwards
107000,3,1117,1976,Edwards
90000,3,960,1958,Edwards
140000,2,1121,2003,Edwards
113000,3,1487,1945,Edwards
80000,2,924,1941,Edwards
144500,4,1526,1957,Edwards
104000,2,1296,1924,SWISU
128000,4,1647,1915,SWISU
58500,2,864,1914,Edwards
127000,3,1691,1924,SWISU
126000,2,856,1939,SWISU
160000,6,2650,1967,SWISU
100000,3,1666,1931,SWISU
169000,4,2447,1919,SWISU
257500,4,2133,1941,Crawfor
215000,5,2177,1950,Crawfor
266500,4,2340,1941,Crawfor
335000,3,1902,1959,Crawfor
203135,3,1652,1994,Crawfor
185000,1,1034,1989,Blueste
162500,2,1191,1989,Blueste
289000,1,1801,1959,Crawfor
125500,3,1154,1922,IDOTRR
82000,1,540,1941,IDOTRR
110000,2,1107,1921,IDOTRR
68400,2,1128,1920,IDOTRR
102776,2,1178,1900,IDOTRR
55993,2,1044,1952,IDOTRR
50138,3,952,1896,IDOTRR
246000,2,1646,2004,Crawfor
254900,3,1916,1998,Mitchel
190000,3,1285,1977,Mitchel
201000,3,1560,2003,Mitchel
169900,3,1034,1976,Mitchel
170000,5,2048,1976,Mitchel
160000,3,1687,1948,Timber
220000,3,1346,2008,Timber
179781,2,1214,2009,Timber
174000,3,1444,2006,Timber
269500,4,1968,2009,Timber
214900,4,1894,2002,Timber
202900,4,1908,2002,Timber
378500,3,2018,2008,Timber
169000,2,1264,1965,Mitchel
173500,3,1430,2004,Mitchel
139000,4,1824,1971,Mitchel
166500,3,1344,1999,Mitchel
83500,3,1092,1973,MeadowV
119500,2,945,1973,MeadowV
85000,3,1112,1976,MeadowV
76000,3,1092,1970,MeadowV
75500,1,630,1972,MeadowV
88250,3,1092,1970,MeadowV
85500,3,1092,1972,MeadowV
130000,3,874,1971,Mitchel
157900,3,1188,1962,Mitchel
149900,2,833,1984,Mitchel
159000,4,2432,1985,Mitchel
136000,3,1274,1991,Mitchel
161000,5,1479,1969,Mitchel
285000,3,1803,1994,Mitchel
231000,3,1797,1993,Mitchel
124500,2,882,1956,NAmes
157000,4,1434,1974,NAmes
345000,4,2704,1972,NAmes
189500,3,1608,1997,Gilbert
270000,4,2283,2003,Gilbert
189000,3,1628,1996,Gilbert
377500,3,1746,2006,Gilbert
168500,3,1474,1995,Gilbert
375000,1,2522,2004,StoneBr
278000,2,1659,2000,StoneBr
240000,2,1478,1998,StoneBr
239500,2,1734,1995,StoneBr
177500,3,1382,1998,Gilbert
185000,3,1718,1998,Gilbert
191000,3,1636,1998,Gilbert
178000,3,1571,1993,Gilbert
185000,3,1470,1993,Gilbert
181316,3,1516,1994,Gilbert
166000,3,1190,1993,Gilbert
178000,3,1593,1992,Gilbert
174000,3,1481,1994,Gilbert
173000,3,1167,1992,Gilbert
225000,3,1983,1999,Gilbert
180500,3,1442,1990,Gilbert
187500,1,1360,1984,StoneBr
501837,1,2234,2008,StoneBr
372500,3,2046,2008,StoneBr
260000,3,1530,2005,StoneBr
185000,3,1934,1977,Gilbert
260000,4,2353,1980,NWAmes
181000,3,1586,1979,NWAmes
82500,3,1411,1977,NWAmes
215000,3,1602,1977,NWAmes
154000,4,2050,1978,NWAmes
200000,3,1671,1978,NWAmes
249000,4,2673,1980,NWAmes
187500,3,1472,1980,NWAmes
184000,3,1707,1978,NWAmes
278000,4,2524,1981,NWAmes
157000,3,1601,1978,NWAmes
152000,3,1370,1976,NWAmes
197500,4,1868,1976,NWAmes
240900,3,1884,2003,Somerst
263435,3,1935,2009,Somerst
220000,3,1874,2000,Somerst
235000,3,1811,2002,Somerst
213000,3,1621,1975,NWAmes
167900,3,1116,1974,NWAmes
158000,3,1193,1975,NWAmes
165000,3,1350,1974,NWAmes
158000,3,2119,1972,NWAmes
136000,4,1792,1974,NAmes
148500,3,1002,1970,NAmes
156000,3,1026,1969,NAmes
128000,2,1180,1970,NAmes
143000,3,1050,1971,NAmes
76500,3,864,1970,NAmes
120500,3,864,1970,NAmes
124500,3,864,1970,NAmes
97000,2,864,1971,NAmes
130000,3,864,1971,NAmes
111000,2,987,1973,BrDale
125000,3,1365,1970,BrDale
112000,3,1302,1971,BrDale
97000,2,987,1972,BrDale
118000,2,987,1972,BrDale
119500,3,1302,1972,BrDale
143750,2,958,1976,NPkVill
146000,3,1548,1976,NPkVill
148500,3,1456,1976,NPkVill
123000,2,1055,1975,NPkVill
147000,3,1322,1974,NPkVill
137900,3,1456,1977,NPkVill
147000,3,1548,1978,NPkVill
148500,3,1441,1978,NPkVill
138000,3,1456,1978,NPkVill
128500,2,836,1976,NPkVill
100000,3,892,1967,NAmes
148800,3,1120,1966,NAmes
337500,3,1718,2006,NridgHt
462000,4,2772,2007,NridgHt
485000,4,3140,2008,NridgHt
555000,2,2402,2008,NridgHt
325000,2,1652,2006,NridgHt
256300,3,1600,2007,NridgHt
253293,3,2042,2008,NridgHt
398800,3,2690,2009,NridgHt
335000,3,2184,2008,NridgHt
404000,3,2020,2008,NridgHt
402861,3,2020,2009,NridgHt
451950,3,2296,2008,NridgHt
610000,2,2674,2007,NridgHt
582933,4,2822,2008,NridgHt
360000,3,1736,2008,NridgHt
296000,3,1782,2004,NridgHt
409900,5,2520,2007,NridgHt
255500,3,1717,2006,NridgHt
335000,3,1743,2008,NridgHt
274900,3,1713,2004,NridgHt
300000,2,1531,2006,NridgHt
324000,3,1808,2008,NridgHt
350000,4,2224,2004,NridgHt
280000,3,1836,2004,NridgHt
284000,3,1629,2003,NridgHt
269500,3,1760,2003,NridgHt
233170,3,1502,2009,NridgHt
386250,3,2392,2003,NridgHt
445000,3,2452,2003,NridgHt
290000,4,2400,2003,NridgHt
255900,3,1606,2006,NridgHt
213000,2,1358,2005,NridgHt
196000,1,1306,2005,NridgHt
184500,1,1306,2005,NridgHt
212500,2,1358,2007,NridgHt
230000,2,1314,2007,NridgHt
552000,2,2492,2004,NridgHt
382500,3,2200,2003,NridgHt
320000,2,1884,2008,NridgHt
248500,2,1456,2008,NridgHt
286500,3,1712,2002,NridgHt
254000,2,1324,2006,NridgHt
173000,2,1405,2003,NridgHt
173000,2,1626,2003,NridgHt
184000,3,1456,2005,Gilbert
167800,3,1490,2005,Gilbert
174000,3,1484,2005,Gilbert
174000,3,1560,2005,Gilbert
174000,2,1555,2007,Blmngtn
175900,1,1569,2007,Blmngtn
192500,2,1555,2005,Blmngtn
181000,1,1504,2005,Blmngtn
180000,2,1220,2005,Blmngtn
160200,2,1145,2005,Blmngtn
188500,3,1432,2004,Gilbert
200000,4,2267,2002,Gilbert
170000,3,1374,2004,Gilbert
189500,3,1630,2004,Gilbert
184100,3,1419,2002,Gilbert
195500,3,1594,2004,Gilbert
192000,3,1489,2003,Gilbert
178000,3,1342,2003,Gilbert
207500,2,1314,2007,NridgHt
236000,4,2256,2000,Gilbert
257500,4,2004,2002,Gilbert
244000,3,2054,2000,Gilbert
167000,3,1374,2004,Gilbert
179000,3,1800,2000,Gilbert
190000,3,1514,2000,Gilbert
156000,3,1430,1999,Gilbert
245000,4,2312,1999,Gilbert
181000,3,1675,1999,Gilbert
214000,3,2060,1999,Gilbert
168000,3,1430,1999,Gilbert
337000,3,2365,1999,NoRidge
403000,4,2794,1995,NoRidge
327000,4,2687,2000,NoRidge
340000,3,2450,1998,NoRidge
336000,4,2612,1998,NoRidge
265000,3,2344,1996,NoRidge
315000,3,2063,1994,NoRidge
260000,4,2646,1993,NoRidge
260000,3,2061,1995,NoRidge
263550,3,2232,1993,NoRidge
402000,4,2448,1994,NoRidge
248000,3,1850,1994,NoRidge
244600,3,1468,2008,Somerst
275000,3,1696,2008,Somerst
257500,3,1658,2008,Somerst
287090,3,1578,2008,Somerst
275500,3,1702,2007,Somerst
245000,3,1432,2006,Somerst
253000,3,1971,2005,Somerst
468000,2,2490,2005,Somerst
252678,3,1852,2009,Somerst
210000,3,1590,2008,Somerst
208300,2,1218,2009,Somerst
225000,3,1436,2008,Somerst
229456,3,1314,2009,Somerst
229800,3,1402,2008,Somerst
250000,3,1530,2007,Somerst
370878,2,1766,2009,Somerst
238500,2,1448,2006,Somerst
310000,3,2007,2008,Somerst
270000,3,1795,2006,Somerst
252000,3,1953,2005,Somerst
241000,2,1550,2006,Somerst
264500,3,1836,2008,Somerst
291000,3,1662,2006,Somerst
263000,4,2094,2003,Somerst
185000,2,1221,2004,Somerst
234500,3,1553,2003,Somerst
209000,3,1653,2003,Somerst
159000,3,1218,2007,SawyerW
152000,3,1141,2006,SawyerW
143500,3,1158,2004,SawyerW
193000,3,1812,2004,SawyerW
203000,3,1512,2004,SawyerW
184900,2,1200,2003,SawyerW
159000,3,1114,2004,SawyerW
142000,3,1114,2004,SawyerW
153000,3,1114,2003,SawyerW
224243,2,1450,2008,SawyerW
220000,4,2122,1996,SawyerW
257000,2,1844,2005,SawyerW
189000,3,1434,2001,SawyerW
171500,3,1730,1992,SawyerW
120000,3,1217,1980,SawyerW
145000,2,1332,1990,SawyerW
184000,3,1540,1994,SawyerW
162000,3,1400,1986,SawyerW
160000,4,1882,1981,SawyerW
82000,2,841,1950,SawyerW
76000,2,784,1928,SawyerW
110000,3,980,1962,Sawyer
135000,3,980,1977,Sawyer
141000,3,864,1961,Sawyer
122000,2,864,1961,Sawyer
124100,3,1020,1965,Sawyer
129000,3,912,1963,Sawyer
131400,3,1144,1961,Sawyer
62383,3,864,1965,Sawyer
123000,3,912,1962,Sawyer
275000,2,2014,1980,Veenker
235000,3,1755,1991,NoRidge
280750,3,3005,2004,Somerst
164500,2,1224,2009,Somerst
173733,2,1224,2009,Somerst
222000,2,1726,2008,Somerst
195000,1,1256,2008,Somerst
172500,3,1471,1999,Somerst
180000,2,1512,2000,Somerst
156000,3,1452,1999,Somerst
172500,3,1739,1999,Somerst
318750,2,1694,1977,Veenker
211500,1,1226,1981,Greens
241600,2,1740,1981,Veenker
180500,4,2499,1976,Veenker
150000,3,1620,1976,Sawyer
154000,4,1556,1968,NWAmes
185000,2,1442,1970,NWAmes
185750,3,1489,1968,NWAmes
200000,3,2090,1973,NWAmes
206000,3,2067,1974,NWAmes
162000,3,1395,1972,NWAmes
256900,5,2640,1967,NWAmes
197900,3,1724,1967,NWAmes
163000,3,1336,1969,NWAmes
113000,3,1216,1969,NWAmes
230000,4,2288,1977,NWAmes
167900,2,1334,1977,NWAmes
213250,3,1680,1998,NWAmes
227000,3,1665,2001,NWAmes
130000,2,864,1967,NAmes
143000,3,1568,1967,NAmes
117500,2,925,1965,NAmes
168500,4,2061,1974,NWAmes
172500,3,1320,1971,NWAmes
161500,3,1342,1967,NWAmes
141500,2,894,1960,NAmes
118000,3,864,1959,NAmes
127500,2,864,1959,NAmes
140000,3,1362,1957,NAmes
177625,3,1728,1956,NAmes
110000,4,1776,1958,NAmes
167000,3,1516,1964,NAmes
153000,3,1313,1961,NAmes
145100,3,1292,1964,NAmes
154000,3,1154,1966,NAmes
177500,4,2140,1965,NAmes
158000,3,1445,1964,NAmes
124500,3,1041,1959,NAmes
174500,4,1576,1961,NAmes
122000,2,960,1955,NAmes
82500,2,708,1940,BrkSide
110000,3,1203,1950,BrkSide
149500,2,1505,1953,NAmes
175000,2,1691,1967,NAmes
167000,3,1644,1953,NAmes
128900,2,1050,1956,NAmes
140000,3,1668,1950,NAmes
147000,3,1113,1950,NAmes
124000,4,1584,1967,NAmes
187500,3,1453,1961,NAmes
159000,3,1394,1963,NAmes
256000,2,1567,1966,NAmes
205000,3,1986,1965,NAmes
193500,4,2142,1968,NAmes
110000,2,1392,1968,NAmes
104900,4,1738,1920,NAmes
150000,3,1144,1956,NAmes
156500,3,1478,1957,NAmes
176000,3,1329,1960,NAmes
149500,3,988,1959,NAmes
139000,3,1632,1958,NAmes
155000,3,1215,1958,NAmes
120000,3,1202,1956,NAmes
153000,3,1382,1955,NAmes
144000,3,1200,1956,NAmes
176000,3,1382,1962,NAmes
153000,3,1297,1954,NAmes
135000,4,1866,1958,NAmes
131000,3,1062,1954,NAmes
123000,3,1319,1953,NAmes
126000,2,1112,1951,NAmes
115000,2,1005,1955,NAmes
164900,2,1363,1951,NAmes
113000,2,793,1945,NAmes
145500,2,1031,1952,NAmes
102900,2,1210,1953,NAmes
95000,3,1699,1900,OldTown
152500,3,1527,1948,NAmes
129900,3,1200,1950,NAmes
132000,2,972,1948,NAmes
99900,2,792,1958,OldTown
135000,3,1656,1916,OldTown
149000,4,1352,1939,OldTown
114000,2,1039,1900,OldTown
109500,2,792,1924,OldTown
125000,3,1078,1925,OldTown
142900,3,2377,1915,OldTown
156500,4,1690,1910,OldTown
59000,2,599,1940,OldTown
105000,2,1374,1920,OldTown
106000,2,846,1920,OldTown
78500,1,725,1890,OldTown
190000,6,2544,1969,NAmes
154000,3,1380,1963,NAmes
163000,3,1040,1967,NAmes
200000,6,2634,1969,NAmes
143500,2,951,1958,NAmes
135000,3,1105,1957,NAmes
153000,2,1306,1957,NAmes
157500,3,1478,1960,NAmes
113500,2,1142,1958,NAmes
133000,3,1268,1949,NAmes
92900,2,1040,1950,NAmes
128500,3,1133,1950,NAmes
90000,2,1040,1949,NAmes
138000,3,1904,1950,NAmes
128000,3,1041,1958,NAmes
139000,3,1339,1958,NAmes
118900,2,732,1952,NAmes
138000,3,1183,1959,NAmes
132500,3,1148,1959,NAmes
133500,4,1461,1949,NAmes
135000,3,1495,1948,NAmes
144750,4,1806,1964,NAmes
145000,2,941,1978,NAmes
127000,3,1045,1963,NAmes
109500,2,894,1962,NAmes
115000,3,1224,1926,OldTown
110000,2,1230,1910,OldTown
128900,3,1378,1935,OldTown
103500,4,1944,1910,OldTown
66500,3,1131,1941,OldTown
130000,3,1306,1910,OldTown
129000,3,1464,1910,OldTown
150000,3,1558,1939,OldTown
107500,4,2372,1892,OldTown
94550,4,1701,1920,OldTown
124500,4,1960,1952,OldTown
135000,3,1389,1946,OldTown
103000,3,1447,1910,OldTown
93000,2,936,1953,OldTown
129500,3,1328,1950,OldTown
93000,3,1387,1954,OldTown
80000,2,861,1920,OldTown
45000,1,612,1940,OldTown
37900,2,968,1910,OldTown
91300,2,886,1938,OldTown
99500,2,792,1923,OldTown
113000,2,1452,1920,OldTown
87500,3,1510,1910,OldTown
110000,2,1284,1947,OldTown
106000,2,2138,1898,OldTown
265979,4,2640,1880,OldTown
160000,3,2007,1900,OldTown
119000,3,1288,1917,OldTown
168000,4,1742,1882,OldTown
58500,2,816,1910,OldTown
143000,3,1482,1920,OldTown
85000,2,1022,1910,OldTown
124900,2,1869,1890,OldTown
119000,3,1480,1920,OldTown
146500,4,1521,1910,OldTown
34900,2,720,1920,IDOTRR
44000,2,797,1900,IDOTRR
223500,3,1576,1923,BrkSide
149000,3,1432,1923,BrkSide
205000,3,1548,1925,BrkSide
137000,3,1654,1930,BrkSide
121000,2,952,1916,BrkSide
128000,3,1324,1936,BrkSide
134900,2,1176,1937,BrkSide
117000,3,1348,1925,BrkSide
132500,4,1412,1939,BrkSide
93000,3,1142,1924,BrkSide
119000,2,904,1926,BrkSide
100000,2,1301,1924,BrkSide
141500,3,1539,1936,BrkSide
133000,3,1573,1935,BrkSide
60000,1,800,1936,BrkSide
105000,2,875,1931,BrkSide
115000,2,995,1925,BrkSide
150000,3,1582,1938,BrkSide
126500,2,1072,1925,BrkSide
214500,5,2134,1916,BrkSide
167500,3,2019,1910,BrkSide
155000,3,1768,1915,OldTown
155000,4,1826,1915,OldTown
179900,3,1944,1915,OldTown
104000,5,2229,1912,OldTown
62500,4,2128,1922,OldTown
149000,4,1930,1927,IDOTRR
103000,2,1208,1925,IDOTRR
123000,3,1427,1915,OldTown
97500,6,1864,1902,OldTown
135000,3,1666,1927,IDOTRR
70000,1,892,1923,IDOTRR
116000,3,1403,1915,IDOTRR
88750,2,704,1946,Sawyer
179000,3,1200,1987,Edwards
179000,3,1200,1987,Edwards
159900,2,1152,1978,Edwards
61000,1,904,1922,Edwards
103600,3,1369,1925,Edwards
63000,4,1112,1934,Edwards
175000,3,1464,1963,Sawyer
139000,3,1121,1963,Sawyer
172500,3,1683,1978,Sawyer
113500,3,1052,1967,Sawyer
130000,3,899,1967,Sawyer
149900,3,1034,1978,Sawyer
134900,2,858,1982,Sawyer
137000,2,860,1982,Sawyer
139000,3,1092,1962,Sawyer
165000,4,1774,1961,Sawyer
148000,3,1138,1960,Sawyer
165000,4,2071,1956,ClearCr
63900,2,660,1947,Sawyer
161500,5,1788,1957,ClearCr
143000,1,1473,1968,ClearCr
135000,3,1229,1956,Edwards
82500,1,861,1940,Edwards
190000,2,1867,1955,ClearCr
139600,4,1733,1955,Edwards
122000,2,1383,1954,Edwards
127500,3,1689,1956,Edwards
121500,2,1073,1956,Edwards
60000,3,1276,1958,Edwards
154400,3,1639,1946,Edwards
113000,2,672,1941,Edwards
125000,3,1089,1954,Edwards
84000,3,845,1957,Edwards
139500,2,1049,1984,Edwards
131000,3,1716,1949,Edwards
105000,2,1258,1939,Edwards
108000,4,1510,1940,Edwards
162000,1,1061,1990,SawyerW
156500,2,1338,1983,SawyerW
316600,1,2132,1983,SawyerW
271900,3,2196,1990,SawyerW
213000,3,1775,1993,SawyerW
239900,3,1879,1993,SawyerW
239500,3,2020,1995,SawyerW
131000,4,2016,1880,SawyerW
118964,4,1535,1979,SawyerW
153337,2,1224,1979,SawyerW
147983,6,2228,1979,SawyerW
118858,4,1535,1979,SawyerW
118858,4,1535,1979,SawyerW
142953,6,2240,1979,SawyerW
148325,2,1229,1979,SawyerW
113722,4,1513,1979,SawyerW
269500,6,2787,2000,SawyerW
269500,6,2787,2000,SawyerW
269500,6,2787,2000,SawyerW
323262,1,1680,2009,CollgCr
297000,3,1718,2007,CollgCr
295493,3,1630,2008,CollgCr
332000,3,1720,2008,CollgCr
239900,3,1468,2008,CollgCr
212000,3,1768,2007,CollgCr
272500,3,1838,2007,CollgCr
239000,2,1800,2007,CollgCr
220000,3,1604,2006,CollgCr
200000,2,1290,2007,CollgCr
221800,2,1254,2008,CollgCr
194500,2,1232,2007,CollgCr
237000,3,1498,2005,CollgCr
173000,3,1422,2005,CollgCr
275000,2,1644,1989,SawyerW
233500,3,1759,1992,ClearCr
185000,3,2126,1967,ClearCr
152000,3,1040,1996,CollgCr
143000,3,990,1994,CollgCr
231500,3,1764,1997,CollgCr
212000,3,1661,1996,CollgCr
207000,3,1463,1998,CollgCr
145000,3,1097,1994,CollgCr
138000,3,990,1994,CollgCr
197900,3,1779,1998,CollgCr
204000,3,1501,1999,CollgCr
192000,3,1431,1999,CollgCr
200000,3,1772,1998,CollgCr
195000,3,1660,2002,CollgCr
227000,3,1573,2002,CollgCr
230000,3,1840,2001,CollgCr
187100,3,1430,2001,CollgCr
203000,3,1444,2002,CollgCr
201000,3,1492,2001,CollgCr
124000,3,1040,1978,CollgCr
140000,3,907,1978,CollgCr
134900,2,914,1979,CollgCr
150500,3,1040,1977,CollgCr
136500,3,864,1978,CollgCr
143500,3,1268,1977,CollgCr
133500,3,864,1972,CollgCr
123000,2,894,1972,CollgCr
133900,2,768,1972,CollgCr
133000,2,768,1972,CollgCr
250000,3,1611,2002,CollgCr
254750,4,2184,2003,CollgCr
236500,3,1788,2001,CollgCr
261500,3,1872,2001,CollgCr
313000,3,2153,2000,CollgCr
198500,3,1725,2002,CollgCr
211000,3,1870,2001,CollgCr
220000,2,1513,1999,CollgCr
203000,3,1504,1996,CollgCr
279500,3,1828,2002,CollgCr
210000,3,1417,1997,CollgCr
219500,3,2034,1997,CollgCr
191000,2,1716,1996,CollgCr
178000,3,1212,2001,CollgCr
213000,3,1630,2000,CollgCr
144000,1,848,2003,CollgCr
140000,1,848,2003,CollgCr
293200,3,1602,2007,CollgCr
190000,3,1728,2004,CollgCr
190000,3,1500,2004,CollgCr
173500,3,1476,2005,CollgCr
170000,3,1396,2007,CollgCr
108000,2,1126,1949,Edwards
167000,3,1486,1964,Edwards
100000,2,816,1938,Edwards
198500,4,1922,2003,Edwards
159500,3,1426,1977,Edwards
127000,3,1149,1960,Edwards
125000,3,1125,1976,Edwards
320000,3,1698,2007,Edwards
145500,2,1072,2005,Edwards
118000,2,698,1947,Edwards
85000,3,876,1959,Edwards
120000,3,1368,1950,Edwards
98000,4,1529,1945,Edwards
99900,2,864,1922,Edwards
82000,2,944,1952,Edwards
119900,6,1678,1959,Edwards
103500,2,1560,1956,Edwards
112000,3,960,1956,Edwards
110000,3,1196,1920,Edwards
122000,3,1298,1941,Edwards
117000,3,1604,1941,Edwards
160000,3,1268,1938,SWISU
159434,3,1520,1932,SWISU
60000,1,438,1920,SWISU
139500,3,1489,1940,SWISU
197000,5,3082,1920,SWISU
105000,3,1242,1935,SWISU
135000,4,1981,1928,SWISU
147500,3,1232,1916,Crawfor
137450,3,1608,1925,SWISU
155000,3,1135,1936,SWISU
177000,3,1913,1928,Crawfor
145000,3,1477,1928,SWISU
137000,3,1228,1918,Crawfor
234000,3,2080,1926,Crawfor
205000,2,1567,1940,Crawfor
177500,3,1494,1942,Crawfor
160000,2,1308,1940,Crawfor
155000,2,1273,1960,Crawfor
163500,2,964,1921,Crawfor
154900,3,1343,1921,Crawfor
205000,5,2480,1940,Crawfor
144800,2,1112,1954,Crawfor
174500,3,1564,1941,Crawfor
193000,3,1561,1960,Crawfor
158000,3,1523,1949,Crawfor
158500,3,1152,1950,Crawfor
224000,3,1906,1954,Crawfor
115000,2,1032,1980,Blueste
137000,2,1229,1980,Blueste
121000,2,1229,1980,Blueste
124000,2,1229,1980,Blueste
208000,3,1982,1986,Crawfor
315000,3,2365,1971,Crawfor
222000,3,1680,1988,Crawfor
147000,3,1344,1920,IDOTRR
123000,5,2168,1900,IDOTRR
78000,3,1192,1920,IDOTRR
85000,2,1526,1915,IDOTRR
75000,2,572,1925,IDOTRR
230000,2,1648,2007,Crawfor
57625,1,810,1910,IDOTRR
251000,3,2052,2000,Mitchel
239686,1,2149,2003,Mitchel
240000,3,1710,2004,Mitchel
215000,3,1961,2001,Mitchel
156450,2,926,1977,Mitchel
173000,2,1287,1977,Mitchel
126000,4,1734,1977,Mitchel
173000,3,1217,1990,Mitchel
152000,2,1595,1991,Mitchel
137500,3,1344,1958,Timber
375000,3,2036,1965,Timber
315500,2,1620,2007,Timber
224500,3,1692,2009,Timber
410000,3,2036,2008,Timber
316500,3,1641,2008,Timber
201000,3,1466,2007,Timber
175000,3,1412,1988,Timber
204000,3,2237,1980,Timber
213500,3,1479,1987,Timber
220000,2,1296,2001,Timber
170000,3,2014,2003,Timber
315000,2,1838,2006,Timber
425000,2,1978,2007,Timber
139500,3,1008,1968,Mitchel
115000,3,1771,1960,Mitchel
162000,2,1204,1998,Mitchel
165000,2,1224,1999,Mitchel
91000,2,988,1973,MeadowV
130000,3,874,1968,Mitchel
86000,1,630,1970,MeadowV
160000,3,1404,1969,Mitchel
80000,1,630,1970,MeadowV
97000,3,1344,1970,MeadowV
88000,3,1092,1970,MeadowV
131900,2,796,1972,Mitchel
131250,2,1091,1993,Mitchel
165500,1,1110,1978,Mitchel
112000,3,833,1985,Mitchel
149000,2,883,1992,Mitchel
143000,1,1362,1993,Mitchel
130000,3,1287,1992,Mitchel
196000,2,1567,1977,Mitchel
173000,4,1632,1969,Mitchel
176500,3,1414,1958,NAmes
237500,4,2117,1970,NAmes
206900,4,2112,1969,NAmes
187500,3,1604,1997,Gilbert
165000,3,1470,1995,Gilbert
195500,3,1604,1998,Gilbert
192000,3,1638,1998,Gilbert
173000,3,1636,1996,Gilbert
177900,3,1384,1996,Gilbert
175000,3,1446,1996,Gilbert
286000,0,1593,2001,StoneBr
247900,1,1682,1997,StoneBr
180000,2,1337,1993,StoneBr
180000,2,1280,1992,StoneBr
181000,3,1604,1997,Gilbert
183000,3,1633,1998,Gilbert
188000,3,1658,1995,Gilbert
194500,3,1895,1994,Gilbert
185000,3,1709,1991,Gilbert
189000,2,1228,1988,StoneBr
188500,2,1337,1989,StoneBr
355000,5,2500,2005,StoneBr
325000,4,2504,2005,StoneBr
387000,2,1884,2004,StoneBr
115000,3,1474,1952,Gilbert
334000,2,1710,2007,StoneBr
133000,3,1488,1950,Gilbert
215000,3,2093,1986,NWAmes
226500,2,1688,1988,NWAmes
175500,3,1422,1981,NWAmes
181900,3,1260,1983,NWAmes
235000,3,2064,1978,NWAmes
220000,3,1782,1979,NWAmes
272000,4,2872,1977,NWAmes
161000,3,1211,1976,NWAmes
175000,3,1126,1977,NWAmes
185000,3,2044,1980,NWAmes
146900,3,1308,1969,NWAmes
292500,4,2840,1978,NWAmes
180000,3,1523,1976,NWAmes
159900,2,1444,1976,NWAmes
205000,4,1964,1976,NWAmes
157000,3,1178,1973,NWAmes
306000,4,2340,1996,NWAmes
133000,4,1792,1974,NAmes
151000,3,1054,1969,NAmes
111900,2,936,1969,NAmes
123000,3,864,1971,NAmes
111250,3,864,1972,NAmes
181000,2,1337,1998,NAmes
103400,2,987,1973,BrDale
100000,2,987,1973,BrDale
100500,2,987,1972,BrDale
106000,2,987,1970,BrDale
85400,2,987,1971,BrDale
89500,2,987,1971,BrDale
111750,3,1302,1972,BrDale
140000,2,1069,1977,NPkVill
143000,4,1456,1975,NPkVill
148500,2,1055,1977,NPkVill
110000,3,892,1966,NAmes
394617,2,1932,2008,NridgHt
426000,3,2332,2007,NridgHt
385000,2,2084,2007,NridgHt
446261,3,2713,2008,NridgHt
317500,3,1582,2007,NridgHt
372402,2,1710,2007,NridgHt
417500,4,2464,2007,NridgHt
383000,2,1950,2007,NridgHt
390000,4,2748,2006,NridgHt
460000,4,2790,2005,NridgHt
379000,3,2331,2005,NridgHt
250000,4,2088,2007,NridgHt
316000,4,2332,2004,NridgHt
615000,1,2470,2003,NridgHt
412500,3,2668,2003,NridgHt
284000,3,2046,2003,NridgHt
284000,2,1575,2003,NridgHt
421250,4,2649,2001,NridgHt
370000,4,2690,2003,NridgHt
336860,2,1866,2008,NridgHt
367294,1,1702,2008,NridgHt
192000,2,1367,2005,NridgHt
274000,1,1518,2003,NridgHt
266000,2,1684,2005,NridgHt
370967,2,1800,2007,NridgHt
234250,2,1342,2006,NridgHt
219500,2,1342,2006,NridgHt
155000,2,1626,2003,NridgHt
154000,2,1626,2003,NridgHt
207000,2,1358,2004,NridgHt
195000,2,1455,2003,Blmngtn
219990,2,1576,2004,Blmngtn
191000,2,1504,2005,Blmngtn
159895,2,1266,2007,Blmngtn
187687,2,1246,2007,Blmngtn
179000,3,1515,2004,Gilbert
193000,3,1593,2004,Gilbert
190000,2,1166,2005,Gilbert
176000,3,1456,2005,Gilbert
188000,3,1720,2002,Gilbert
213000,4,1986,2003,Gilbert
217300,2,1358,2007,NridgHt
186500,3,1792,2000,Gilbert
226750,3,1892,2000,Gilbert
184000,3,1490,2004,Gilbert
176000,3,1414,2002,Gilbert
225000,4,2322,1999,Gilbert
185900,3,1651,1999,Gilbert
284500,3,2199,1997,NoRidge
315000,4,2630,1998,NoRidge
250000,4,2198,2000,NoRidge
291000,4,2172,2000,NoRidge
350000,2,2006,1998,NoRidge
279500,4,2125,1996,NoRidge
290000,4,2501,1995,NoRidge
350000,2,2113,1995,NoRidge
341000,3,2418,1993,NoRidge
287500,4,2197,1993,NoRidge
271000,3,2127,1994,NoRidge
301500,2,1987,1994,NoRidge
235128,3,1580,2007,Somerst
214000,4,1933,2007,Somerst
232000,3,1574,2006,Somerst
240000,3,1578,2006,Somerst
264132,2,1506,2008,Somerst
245000,3,1563,2007,Somerst
227680,3,1428,2008,Somerst
257000,3,1861,2007,Somerst
297900,3,1874,2007,Somerst
247000,3,1460,2006,Somerst
212700,3,1372,2007,Somerst
250580,3,1372,2007,Somerst
182000,3,1428,2007,Somerst
226700,3,1768,2005,Somerst
250000,3,1992,2003,Somerst
250000,3,1958,2005,Somerst
339750,3,2078,2007,Somerst
205950,3,1665,2007,Somerst
256000,3,1660,2007,Somerst
230348,2,1218,2007,Somerst
207500,3,1728,2003,Somerst
141000,3,1080,2004,SawyerW
188000,3,1696,2003,SawyerW
192500,3,1663,2003,SawyerW
146000,3,1175,2005,SawyerW
159000,3,1114,2004,SawyerW
155000,3,1114,2003,SawyerW
173000,3,1640,2004,SawyerW
170000,3,1162,2007,SawyerW
182000,3,1609,1995,SawyerW
163000,3,1680,1993,SawyerW
193500,3,1679,1994,SawyerW
189000,3,1657,1994,SawyerW
190500,3,1677,2001,SawyerW
175000,3,1737,1992,SawyerW
179200,3,1294,1991,SawyerW
187000,3,1710,1993,SawyerW
193000,2,1617,1993,SawyerW
153900,2,1199,1993,SawyerW
128000,3,984,1963,Sawyer
144000,2,912,1962,Sawyer
135000,3,864,1961,Sawyer
115000,3,890,1968,Sawyer
119916,3,864,1963,Sawyer
142000,3,912,1961,Sawyer
192000,3,1430,1974,Veenker
140000,4,1641,1972,Sawyer
290000,4,2683,1990,NoRidge
372500,4,2786,1993,NoRidge
196000,2,1391,2004,Somerst
171900,2,1250,2006,Somerst
178000,1,1245,2004,Somerst
165000,2,1200,2005,Somerst
146000,2,1392,2007,Somerst
146000,2,1392,2007,Somerst
179400,3,1501,1999,Somerst
172900,3,1549,1999,Somerst
300000,2,1638,2000,Somerst
285000,1,1310,2001,Somerst
290000,2,1419,2001,Somerst
305000,2,1557,1999,Somerst
328900,2,1709,1999,Somerst
160000,2,1252,1999,Somerst
170000,3,1404,1999,Somerst
223000,3,1789,2001,Somerst
170000,3,1586,1999,Somerst
200000,3,1607,1999,Somerst
345000,2,2393,1998,Somerst
245500,1,1288,1996,Veenker
217500,1,1239,1995,Veenker
324000,1,1719,1993,Veenker
162500,3,1232,1984,Veenker
150000,3,2944,1977,Veenker
290000,3,1671,1976,Veenker
205000,3,1812,2002,Somerst
174000,3,1682,1970,NWAmes
183000,4,1427,1969,NWAmes
150000,4,1740,1968,NWAmes
145000,3,1258,1971,NWAmes
215000,4,1620,1967,NWAmes
140500,4,1625,1965,NWAmes
240000,4,2614,1974,NWAmes
141000,4,1464,1968,NAmes
147000,2,912,1965,NAmes
135000,3,925,1965,NAmes
145000,6,1728,1965,NAmes
142600,6,1728,1965,NAmes
135000,4,1656,1973,NWAmes
170000,4,1670,1971,NWAmes
299800,4,2715,1976,NWAmes
185000,4,1876,1974,NWAmes
173000,4,1632,1966,NWAmes
178400,3,999,1961,NAmes
176000,4,1978,1968,NWAmes
98000,2,1014,1956,NAmes
109008,3,907,1957,NAmes
135750,2,952,1956,NAmes
155000,3,1128,1963,NAmes
180500,3,1425,1964,NAmes
174900,3,1165,1966,NAmes
140000,3,1136,1965,NAmes
145000,3,1092,1964,NAmes
179900,3,1265,1965,NAmes
168500,3,1350,1964,NAmes
140000,3,1114,1961,NAmes
145500,3,1053,1959,NAmes
142000,3,1252,1959,NAmes
141000,3,1100,1960,NAmes
153000,3,1118,1960,NAmes
72500,2,720,1949,BrkSide
52000,2,729,1935,BrkSide
118000,2,1077,1939,BrkSide
87000,2,906,1937,BrkSide
141500,3,1496,1960,NAmes
119000,3,1252,1950,NAmes
141500,3,1337,1950,NAmes
165500,3,1661,1955,NAmes
112900,3,1036,1953,NAmes
201800,4,1820,1965,NAmes
163000,3,1362,1961,NAmes
139950,3,1144,1961,NAmes
174000,3,1537,1962,NAmes
165000,3,1431,1962,NAmes
227000,4,1988,1966,NAmes
135000,3,1098,1955,NAmes
124000,3,1144,1963,NAmes
140000,3,1283,1962,NAmes
136500,3,1176,1957,NAmes
185000,2,1440,1959,NAmes
163000,3,1261,1958,NAmes
166800,3,1570,1958,NAmes
139000,2,1196,1956,NAmes
166000,3,1392,1957,NAmes
136000,3,1080,1958,NAmes
133000,3,1104,1956,NAmes
116000,2,882,1952,NAmes
137500,3,1152,1953,NAmes
130000,2,950,1953,NAmes
180000,3,1790,1957,NAmes
139000,2,952,1951,NAmes
110000,2,773,1953,NAmes
100000,4,1764,1957,NAmes
118500,2,1216,1947,NAmes
146000,5,1824,1957,NAmes
89900,1,869,1948,OldTown
114000,3,1159,1925,OldTown
140000,3,1558,1945,NAmes
86900,2,672,1940,OldTown
139000,3,1436,1922,OldTown
106250,3,1294,1900,OldTown
171000,4,1716,1962,NAmes
139000,3,1044,1968,NAmes
186000,3,1312,1958,NAmes
157000,2,1253,1960,NAmes
148000,3,1081,1960,NAmes
242000,4,2069,1960,NAmes
116000,3,910,1953,NAmes
94000,2,876,1951,NAmes
98300,3,1048,1950,NAmes
127000,4,1507,1960,NAmes
159000,3,1256,1959,NAmes
125900,3,1027,1962,NAmes
155000,3,1269,1960,NAmes
138000,3,1320,1948,NAmes
112500,2,984,1954,NAmes
105500,2,832,1954,NAmes
127500,4,1278,1954,NAmes
130000,6,1800,1961,NAmes
150000,3,1588,1955,NAmes
109500,2,825,1954,NAmes
140000,4,1796,1963,NAmes
167900,4,1611,1964,NAmes
136870,3,1117,1963,NAmes
143000,3,1133,2008,OldTown
73000,2,764,1925,OldTown
157500,3,1539,1904,OldTown
122600,3,1323,1948,OldTown
111000,2,1360,1910,OldTown
256000,5,2792,1920,OldTown
64000,2,672,1940,OldTown
139500,4,1456,1915,OldTown
118000,3,1594,1910,OldTown
200000,3,2082,2003,OldTown
119164,2,1656,1940,OldTown
122250,2,1740,1920,OldTown
120000,2,1027,1920,OldTown
155000,3,1436,1940,OldTown
78000,2,899,1910,OldTown
95000,3,1080,1890,OldTown
115000,2,789,1948,OldTown
147000,2,1122,1948,OldTown
140000,3,1499,1946,OldTown
46500,1,407,1946,OldTown
112500,3,928,1957,OldTown
107900,2,901,1954,OldTown
65000,5,1588,1949,OldTown
295000,3,3493,1880,OldTown
139500,4,1627,1900,OldTown
153900,4,1416,1915,OldTown
132000,3,1450,1920,OldTown
98000,4,1344,1916,OldTown
114000,2,1017,1900,OldTown
130000,4,2350,1920,OldTown
129500,3,2058,1917,OldTown
129400,3,1540,1905,OldTown
161000,3,1378,1928,OldTown
163000,3,1912,1905,OldTown
128000,3,1484,1914,OldTown
122000,4,2358,1872,OldTown
116900,2,1111,1926,OldTown
325000,3,2775,1893,OldTown
55000,2,1086,1920,OldTown
184000,5,2495,1890,OldTown
110000,2,984,1959,OldTown
131500,4,1795,1954,OldTown
97000,2,882,1956,OldTown
115500,2,1093,1958,OldTown
138000,2,1143,1928,BrkSide
108000,3,1668,1945,BrkSide
79500,2,935,1930,BrkSide
153000,3,1738,1935,BrkSide
109500,2,784,1924,BrkSide
124000,3,1210,1941,BrkSide
106900,3,1290,1900,BrkSide
164900,3,1672,1940,BrkSide
119000,2,949,1924,BrkSide
120000,3,1158,1929,BrkSide
157000,3,1497,1937,BrkSide
105000,2,1342,1939,BrkSide
113000,3,1013,1926,BrkSide
115000,3,1216,1920,BrkSide
79000,2,896,1946,BrkSide
123000,2,1136,1929,BrkSide
81300,1,808,1945,BrkSide
162900,3,1573,1930,BrkSide
150000,4,2009,1939,BrkSide
123500,4,1902,1923,OldTown
129900,2,1774,1931,OldTown
128000,3,1362,1920,BrkSide
68500,1,520,1927,BrkSide
127000,2,1285,1948,BrkSide
207000,4,1848,1923,BrkSide
184000,4,1820,1925,BrkSide
162500,4,1716,1915,BrkSide
145000,3,1505,1940,BrkSide
130000,2,838,1918,BrkSide
160000,5,1984,1910,OldTown
161000,3,1666,1925,OldTown
127500,3,1609,1910,OldTown
93850,1,768,1930,IDOTRR
136000,4,1536,1952,IDOTRR
141000,4,1969,1938,IDOTRR
120000,2,1308,1915,IDOTRR
127500,2,1040,1925,IDOTRR
127000,3,1236,1925,IDOTRR
89500,3,1406,1920,IDOTRR
125000,2,825,1955,OldTown
79900,4,1198,1920,OldTown
85000,1,759,1912,IDOTRR
82375,3,1344,1915,IDOTRR
135000,3,1469,1906,IDOTRR
124000,3,1054,1947,Sawyer
134000,3,1211,1968,Sawyer
135000,4,1271,1948,Sawyer
134432,4,1588,1959,ClearCr
127500,4,1355,1940,Edwards
148000,3,1075,1963,Sawyer
129500,3,1040,1965,Sawyer
157500,3,1096,1978,Sawyer
109900,3,904,1966,Sawyer
145000,3,992,1967,Sawyer
130000,3,894,1967,Sawyer
153000,3,1034,1978,Sawyer
120000,3,1073,1967,Sawyer
152000,2,1126,1984,Sawyer
108959,0,1258,1969,Sawyer
95541,3,1140,1920,Sawyer
80000,3,1006,1959,Sawyer
149350,3,1228,1966,Sawyer
144900,3,960,1963,Sawyer
185000,1,1188,1956,Sawyer
165000,3,1383,1954,Sawyer
235000,1,1252,1960,ClearCr
140000,3,1601,1958,Sawyer
108000,2,672,1940,Sawyer
145000,3,1721,1960,ClearCr
152400,2,1350,1941,Sawyer
144000,3,904,1970,Sawyer
173000,2,1291,1996,ClearCr
192000,4,2022,1977,ClearCr
245000,3,1524,1979,ClearCr
241500,2,1363,1954,ClearCr
256000,2,1663,1954,ClearCr
177000,2,1357,1959,Edwards
125600,2,1079,1948,Edwards
155000,3,1094,1953,Edwards
240000,5,2358,1908,ClearCr
260000,2,1518,1940,Edwards
185000,4,1674,1918,Edwards
235000,4,2108,1935,Edwards
159900,3,1509,1956,Edwards
99600,2,864,1975,Edwards
134500,3,1269,1962,Edwards
119000,4,1367,1900,Edwards
107500,3,1347,1910,Edwards
125000,3,1164,1950,Edwards
79000,2,1096,1924,Edwards
95000,3,1111,1941,Edwards
262280,4,2329,1990,SawyerW
260000,4,2814,1995,SawyerW
226500,3,1626,1994,SawyerW
225000,4,2200,1993,SawyerW
229000,3,2037,1996,SawyerW
177439,3,1356,2007,CollgCr
248500,3,1615,2007,CollgCr
475000,3,2276,2008,CollgCr
395039,3,1766,2008,CollgCr
228000,3,2097,1993,SawyerW
225000,3,1511,1995,SawyerW
195000,2,1643,1966,ClearCr
200000,4,1688,1997,ClearCr
155000,3,990,1994,CollgCr
144000,3,1099,1995,CollgCr
145000,3,990,1994,CollgCr
226001,3,1418,1997,CollgCr
215700,3,1771,1997,CollgCr
207500,3,1652,2000,CollgCr
193000,3,1790,1999,CollgCr
188000,3,1724,1998,CollgCr
191000,3,1479,1999,CollgCr
221000,3,1494,2002,CollgCr
231500,3,1792,2001,CollgCr
235000,3,1823,2000,CollgCr
223500,3,1786,2001,CollgCr
130250,3,938,1975,CollgCr
149900,3,985,1977,CollgCr
158000,3,1174,1978,CollgCr
147000,3,1026,1978,CollgCr
143195,3,1076,1975,CollgCr
163000,2,1558,1975,CollgCr
110000,3,924,1975,CollgCr
127000,3,864,1972,CollgCr
124900,2,780,1972,CollgCr
230000,3,1795,2002,CollgCr
237000,3,2031,2002,CollgCr
235000,3,1865,2000,CollgCr
230500,3,2161,2001,CollgCr
230000,3,1852,1999,CollgCr
222500,3,2031,1998,CollgCr
287000,3,2263,2001,CollgCr
274000,3,1947,2001,CollgCr
300000,3,1786,2002,CollgCr
255900,4,2290,2002,CollgCr
224900,3,1768,2003,CollgCr
240000,4,2327,2003,CollgCr
183000,3,1640,2003,CollgCr
207000,3,1764,1999,CollgCr
210000,4,1908,1994,CollgCr
136500,1,848,2003,CollgCr
145000,1,848,2004,CollgCr
208900,3,1493,1997,CollgCr
185000,2,1838,1997,CollgCr
214000,3,1536,2002,CollgCr
208500,3,1710,2003,CollgCr
186500,3,1445,2004,CollgCr
210000,3,1436,2004,CollgCr
185900,3,1582,2004,CollgCr
179900,3,1234,2007,CollgCr
218836,3,1564,2007,CollgCr
193000,3,1361,2007,CollgCr
189000,3,1456,2005,CollgCr
149300,1,848,2004,CollgCr
141000,1,848,2004,CollgCr
149000,1,848,2004,CollgCr
144500,1,848,2004,CollgCr
85000,2,796,1910,Edwards
145900,4,2200,1900,Edwards
123000,3,1092,1966,Edwards
147500,3,1256,1965,Edwards
165000,3,1033,1976,Edwards
135000,3,1127,1976,Edwards
108000,3,996,1940,Edwards
137500,3,1181,1972,Edwards
165400,3,1656,2003,Edwards
147000,3,1117,1977,Edwards
160500,3,1398,1976,Edwards
176000,2,1132,2005,Edwards
284700,5,3820,1959,Edwards
160000,3,5642,2008,Edwards
148000,2,1072,2005,Edwards
82000,2,1152,1955,Edwards
82000,2,1152,1955,Edwards
118000,4,1440,1955,Edwards
82500,2,1152,1955,Edwards
91900,2,784,1955,Edwards
120000,2,1053,1938,Edwards
96000,4,1137,1947,Edwards
99000,2,930,1953,Edwards
130500,3,1200,1946,Edwards
135000,4,1470,1954,Edwards
135500,3,1393,1955,Edwards
100000,3,1204,1954,Edwards
108000,3,1292,1923,Edwards
98000,2,864,1925,Edwards
67000,2,864,1914,Edwards
135900,6,1716,1912,SWISU
140000,4,1482,1925,SWISU
179500,4,2192,1939,SWISU
136500,4,1694,1925,SWISU
168000,2,1424,1921,SWISU
130000,4,1964,1911,SWISU
189000,4,2601,1921,SWISU
161900,4,1920,1930,SWISU
145000,2,1316,1926,Crawfor
191000,3,2555,1922,Crawfor
177000,4,1680,1915,Crawfor
147500,3,1264,1914,Crawfor
91000,2,790,1930,SWISU
231000,3,1512,1925,Crawfor
115000,3,1639,1936,SWISU
138000,4,1603,1923,Crawfor
149000,3,1502,1931,Crawfor
188700,3,1660,1934,Crawfor
198000,4,1938,1937,Crawfor
110000,3,1374,1938,Crawfor
104000,2,1091,1951,Crawfor
257076,4,1873,1935,Crawfor
381000,4,3447,1935,Crawfor
311500,3,1954,1939,Crawfor
263400,3,2161,1950,Crawfor
236500,3,1898,1956,Crawfor
224000,3,1640,1954,Crawfor
116500,2,1032,1980,Blueste
151000,3,1556,1980,Blueste
126000,2,919,1926,IDOTRR
120000,3,1090,1940,IDOTRR
55000,2,796,1922,IDOTRR
120500,2,816,1930,IDOTRR
120500,2,778,1940,IDOTRR
119000,4,1200,1930,IDOTRR
126000,3,1656,1967,IDOTRR
99500,2,912,1930,IDOTRR
165500,4,1955,1958,IDOTRR
13100,2,733,1952,IDOTRR
89000,2,1361,1895,IDOTRR
40000,3,1317,1920,IDOTRR
80900,2,1049,1910,IDOTRR
81000,2,894,1935,IDOTRR
65000,3,864,1920,IDOTRR
392500,2,1652,2008,Crawfor
294464,2,1648,2007,Crawfor
250000,2,1646,2004,Crawfor
275000,2,1646,2004,Crawfor
300000,3,2032,1996,Mitchel
271000,3,1689,2002,Mitchel
213000,3,1820,1996,Mitchel
171000,3,1118,1977,Mitchel
171500,3,1279,1977,Mitchel
100000,4,1872,1976,Mitchel
228500,3,1689,1991,Mitchel
228950,3,1786,1965,Timber
241500,2,1501,1986,Timber
287000,2,2898,1976,Timber
294000,3,1537,2006,Timber
293077,3,1646,2007,Timber
264966,3,1780,2007,Timber
172500,3,1442,2006,Timber
167500,3,1394,2006,Timber
218689,3,1612,2008,Timber
150000,3,1495,1989,Timber
184000,3,1651,1986,Timber
180000,3,1256,1986,Timber
175000,3,1509,1988,Timber
232500,3,1440,2003,Timber
195000,3,1675,1999,Timber
305000,4,2262,2003,Timber
298751,3,1728,2007,Timber
370000,3,1964,2005,Timber
209200,2,1344,1997,Mitchel
206300,2,1344,1997,Mitchel
146000,2,1092,2007,Mitchel
160500,2,1189,1997,Mitchel
173000,3,1200,1964,Mitchel
124000,3,1040,1975,MeadowV
115000,3,1304,1976,MeadowV
129500,4,1475,1976,MeadowV
105000,2,988,1973,MeadowV
94900,1,988,1973,MeadowV
152500,3,1160,1968,Mitchel
98000,3,1092,1970,MeadowV
81000,1,630,1972,MeadowV
113000,2,988,1954,Mitchel
128500,2,816,1983,Mitchel
119500,3,923,1984,Mitchel
130500,3,816,1982,Mitchel
138000,2,816,1982,Mitchel
134500,3,845,1982,Mitchel
160000,4,1750,1940,Mitchel
137500,3,889,1984,Mitchel
172000,4,1968,1969,Mitchel
103000,4,1836,1900,IDOTRR
167300,3,1587,1971,NAmes
167000,2,1277,1970,NAmes
244000,3,2223,1973,NAmes
268000,4,2217,1970,NAmes
225000,3,1733,2003,Gilbert
168000,3,1572,1995,Gilbert
177000,3,1470,1997,Gilbert
169000,3,1600,1997,Gilbert
161500,3,1384,1997,Gilbert
251000,2,1652,2000,StoneBr
160000,3,1694,1994,Gilbert
180000,3,1714,1999,Gilbert
178750,3,1553,1996,Gilbert
176000,3,1253,1995,Gilbert
204000,5,2299,1999,Gilbert
160000,3,1187,1992,Gilbert
160000,3,1472,1991,Gilbert
163900,3,1482,1992,Gilbert
168000,3,1642,1993,Gilbert
154204,3,1128,1964,Gilbert
170000,2,1088,1986,StoneBr
207500,3,2090,1984,StoneBr
182000,2,1179,1988,StoneBr
212000,1,1321,1990,StoneBr
377426,3,1922,2005,StoneBr
349265,4,2541,2005,StoneBr
591587,4,2338,2006,StoneBr
155000,3,1424,1969,Gilbert
319900,2,1612,2006,StoneBr
392000,2,1419,2007,StoneBr
441929,1,2234,2006,StoneBr
455000,3,2042,2006,StoneBr
182900,3,1440,1981,NWAmes
174000,3,1284,1984,NWAmes
178000,3,1868,1984,NWAmes
176000,3,1479,1981,NWAmes
213000,3,1664,1978,NWAmes
192000,4,1930,1979,NWAmes
190000,3,1969,1977,NWAmes
195000,4,2030,1976,NWAmes
148000,3,1032,1978,NWAmes
151500,3,1177,1984,NWAmes
197000,3,1725,1979,NWAmes
192350,2,1353,1979,NWAmes
152000,4,1620,1969,NWAmes
170000,2,1220,1971,NWAmes
175000,3,1484,1971,NWAmes
175000,3,1743,1968,NWAmes
197900,3,1935,1976,NWAmes
174000,3,1324,1976,NWAmes
178900,4,1877,1974,NWAmes
139000,3,1109,1971,NAmes
143250,3,981,1971,NAmes
184000,4,1479,1972,NAmes
155000,3,1422,1970,NAmes
133000,3,914,1970,NAmes
119500,3,950,1971,NAmes
123000,3,872,1971,NAmes
110000,2,858,1971,NAmes
128000,2,914,1961,NAmes
120500,3,864,1971,NAmes
133000,1,767,1998,NAmes
155000,2,1337,2001,NAmes
177000,2,1337,1997,NAmes
113500,3,1092,1973,BrDale
113000,3,1218,1973,BrDale
113700,4,1218,1973,BrDale
106000,3,1302,1970,BrDale
122500,2,1365,1971,BrDale
128000,2,958,1976,NPkVill
155000,3,1548,1976,NPkVill
142500,2,1055,1978,NPkVill
129250,3,988,1966,NAmes
356000,3,1816,2006,NridgHt
314813,3,1828,2007,NridgHt
318000,3,1694,2007,NridgHt
322400,3,1694,2006,NridgHt
318000,3,1734,2007,NridgHt
345474,2,2122,2007,NridgHt
415298,3,2121,2006,NridgHt
492000,3,2656,2007,NridgHt
338931,4,2550,2006,NridgHt
450000,2,2046,2005,NridgHt
280000,3,2172,2006,NridgHt
479069,3,2552,2007,NridgHt
395000,3,1973,2006,NridgHt
380000,3,2643,2006,NridgHt
250000,3,1634,2006,NridgHt
440000,2,1976,2006,NridgHt
418000,4,2758,2005,NridgHt
500067,2,2290,2007,NridgHt
260116,3,2152,2007,NridgHt
317000,4,2473,2004,NridgHt
319500,3,2100,2007,NridgHt
325624,3,2161,2007,NridgHt
372000,3,1802,2006,NridgHt
342000,5,2956,2004,NridgHt
354000,4,2468,2004,NridgHt
350000,3,2385,2003,NridgHt
285000,4,2374,2003,NridgHt
281500,3,1818,2007,NridgHt
245700,3,1614,2005,NridgHt
232698,3,1721,2005,NridgHt
250000,3,1828,2006,NridgHt
194700,2,1362,2005,NridgHt
204000,1,1302,2005,NridgHt
200000,1,1302,2005,NridgHt
207000,2,1362,2005,NridgHt
209500,2,1554,2006,NridgHt
209500,2,1554,2006,NridgHt
202500,2,1370,2006,NridgHt
280000,2,1577,2005,NridgHt
277500,2,1561,2005,NridgHt
318061,2,1869,2007,NridgHt
221370,2,1324,2006,NridgHt
200000,2,1405,2003,NridgHt
181755,3,1496,2007,Gilbert
176000,3,1536,2005,Gilbert
178900,3,1484,2005,Gilbert
168165,3,1458,2006,Gilbert
171925,3,1495,2006,Gilbert
198444,3,1746,2006,Gilbert
203000,3,1326,2005,Gilbert
179540,3,1456,2007,Gilbert
176485,3,1302,2007,Gilbert
181134,3,1340,2007,Gilbert
156932,3,1412,2006,Gilbert
166000,3,1504,2007,Gilbert
177594,3,1456,2007,Gilbert
173500,3,1258,2007,Gilbert
172500,2,1258,2006,Blmngtn
194201,2,1402,2006,Blmngtn
226500,2,1589,2003,Blmngtn
185485,2,1266,2007,Blmngtn
259000,3,1530,2004,Gilbert
188500,2,1119,2004,Gilbert
175000,3,1374,2004,Gilbert
215000,4,1959,2004,Gilbert
206580,3,1525,2006,Gilbert
183500,3,1720,2004,Gilbert
165500,3,1394,2003,Gilbert
211000,4,1948,2003,Gilbert
181000,3,1690,2000,Gilbert
219500,4,1995,2002,Gilbert
175000,3,1647,1999,Gilbert
170000,3,1430,2000,Gilbert
162000,3,1320,2003,Gilbert
187000,3,1690,2000,Gilbert
185000,3,1644,1999,Gilbert
745000,4,4476,1996,NoRidge
384500,4,2551,1997,NoRidge
248000,4,2285,2000,NoRidge
466500,2,2633,2001,NoRidge
410000,4,3078,1998,NoRidge
322500,4,2582,1998,NoRidge
252000,4,2385,1998,NoRidge
755000,4,4316,1994,NoRidge
269790,3,2013,1996,NoRidge
315750,3,2398,1996,NoRidge
290000,4,2520,1995,NoRidge
290000,4,2531,1995,NoRidge
430000,4,3228,1992,NoRidge
263000,4,2202,1992,NoRidge
330000,4,2538,1996,NoRidge
213133,3,1369,2007,Somerst
260261,3,1542,2007,Somerst
320000,3,1905,2006,Somerst
282922,3,1464,2007,Somerst
215000,3,1534,2006,Somerst
419005,1,1966,2007,Somerst
255000,3,1636,2006,Somerst
147000,2,1795,2006,Somerst
235876,3,1528,2007,Somerst
311872,3,1726,2007,Somerst
248328,3,1689,2007,Somerst
227000,3,1588,2006,Somerst
260000,3,1538,2005,Somerst
225000,3,1496,2007,Somerst
249000,3,1506,2005,Somerst
307000,3,1694,2004,Somerst
250000,3,1977,2006,Somerst
221300,3,1830,2006,Somerst
208900,3,1338,2007,Somerst
210400,3,1335,2006,Somerst
255000,3,1792,2007,Somerst
212109,3,1588,2007,Somerst
270000,3,1959,2006,Somerst
303477,4,2610,2007,Somerst
310013,3,1880,2007,Somerst
249700,3,1656,2006,Somerst
227875,3,1761,2007,Somerst
261329,2,1584,2007,Somerst
253000,2,1685,2006,Somerst
265000,4,2443,2004,Somerst
340000,4,2466,2004,Somerst
146000,3,1100,2006,SawyerW
147000,3,1143,2006,SawyerW
149000,3,1094,2003,SawyerW
181000,3,1486,2006,SawyerW
201000,3,1721,1994,SawyerW
191750,3,1820,1993,SawyerW
179000,3,1349,2000,SawyerW
215000,3,1494,1998,SawyerW
179200,2,1575,1992,SawyerW
128000,2,1266,1980,SawyerW
144000,2,884,1983,SawyerW
144000,4,2020,1977,SawyerW
120750,2,894,1977,Sawyer
132500,2,970,1963,Sawyer
132000,3,1057,1962,Sawyer
132500,3,999,1962,Sawyer
129000,3,1120,1961,Sawyer
143900,3,1696,1962,Sawyer
145000,3,1040,1968,Sawyer
128500,3,988,1961,Sawyer
125500,3,902,1967,Sawyer
300000,3,2503,1990,Veenker
294000,3,2167,1974,Veenker
129000,2,1037,1974,Sawyer
171000,3,1701,1975,Sawyer
147000,2,1055,1973,Sawyer
302000,4,2810,1990,NoRidge
285000,4,2872,1992,NoRidge
214000,2,1378,2004,Somerst
166000,2,1151,2006,Somerst
193800,2,1565,2006,Somerst
208900,2,1352,2006,Somerst
194000,2,1352,2006,Somerst
207500,2,1550,2006,Somerst
199900,1,1241,2006,Somerst
164700,2,1250,2006,Somerst
176500,3,1501,1999,Somerst
176000,2,1458,1999,Somerst
168500,2,1512,2000,Somerst
177000,3,1573,2000,Somerst
177000,3,1525,2000,Somerst
148800,2,1102,2004,Somerst
174000,2,1441,1999,Somerst
239000,3,1950,1997,Somerst
204000,3,1358,1999,Somerst
301000,3,2048,2003,Somerst
312500,3,2362,1998,Somerst
279700,1,1494,1994,Veenker
255000,3,2362,1980,Veenker
194000,2,1432,1978,Veenker
218000,3,1437,1976,Veenker
213750,1,1295,1978,Greens
187000,3,1855,1976,Veenker
181500,3,1262,1976,Veenker
373000,2,2497,1981,Veenker
190000,4,2620,1977,Sawyer
226000,3,1929,2001,Somerst
143450,3,1152,1968,NWAmes
240050,4,2411,1970,NWAmes
162500,3,1082,1969,NWAmes
164000,3,1295,1968,NWAmes
185000,3,1610,1972,NWAmes
188500,2,1594,1993,NWAmes
255000,3,2075,1993,NWAmes
136905,4,1680,1976,NWAmes
158500,3,1093,1966,NWAmes
175500,3,1242,1973,NWAmes
127000,3,1052,1963,NWAmes
127000,3,1107,1967,NAmes
143000,3,1214,1967,NAmes
156000,3,1073,1965,NAmes
144000,2,1344,1958,NAmes
119000,6,1728,1964,NAmes
103000,2,1224,1964,NAmes
139900,3,1422,1960,NAmes
151500,2,958,1960,NAmes
126500,3,1065,1960,NAmes
145000,3,1138,1958,NAmes
120000,2,912,1958,NAmes
124000,2,1074,1956,NAmes
106500,3,882,1959,NAmes
140500,2,1187,1961,NAmes
137500,3,964,1961,NAmes
117600,3,894,1960,NAmes
163500,3,1200,1966,NAmes
161000,3,1042,1965,NAmes
158000,3,1302,1964,NAmes
224500,5,2154,1964,NAmes
147000,3,1374,1964,NAmes
200000,3,1652,1959,NAmes
181900,3,1429,1960,NAmes
150750,3,1327,1959,NAmes
101800,2,1224,1962,NAmes
124000,2,932,1950,NAmes
138500,2,908,1940,NAmes
39300,1,334,1946,BrkSide
64500,2,666,1946,BrkSide
64000,2,670,1945,BrkSide
112000,2,808,1958,BrkSide
165000,4,1977,1964,NAmes
144000,2,1150,1955,NAmes
137000,4,1920,1948,NAmes
105000,3,1376,1941,NAmes
146500,3,1644,1942,NAmes
126000,4,1560,1968,NAmes
175000,3,1280,1966,NAmes
158500,3,1254,1961,NAmes
114500,2,912,1958,NAmes
144000,3,1524,1958,NAmes
129000,3,2380,1965,NAmes
141000,2,936,1957,NAmes
131000,3,1008,1956,NAmes
142100,3,1053,1963,NAmes
139000,3,1056,1958,NAmes
157900,4,1442,1958,NAmes
139400,3,1056,1954,NAmes
150000,3,1244,1957,NAmes
120000,3,1144,1960,NAmes
174850,4,1721,1957,NAmes
116000,2,922,1957,NAmes
135000,3,1048,1956,NAmes
163500,3,1657,1970,NAmes
130000,3,1411,1955,NAmes
129500,3,1216,1955,NAmes
142000,3,1154,1953,NAmes
128600,4,1560,1958,NAmes
125000,2,948,1952,NAmes
136000,3,1040,1953,NAmes
134500,2,1008,1953,NAmes
127000,3,925,1956,NAmes
130000,3,1360,1955,NAmes
115000,4,1540,1955,NAmes
116900,3,925,1955,NAmes
132000,2,928,1956,NAmes
153000,3,1647,1953,NAmes
112500,2,924,1952,OldTown
138000,3,1544,1890,OldTown
135000,2,893,1949,NAmes
156000,3,1728,1953,NAmes
301600,4,3086,1935,NAmes
109000,2,1034,1940,OldTown
103200,1,882,1956,OldTown
128500,1,1281,1925,OldTown
64500,4,968,1927,OldTown
148000,3,1534,1895,OldTown
86000,2,691,1920,OldTown
172000,4,1651,1963,NAmes
120000,3,888,1961,NAmes
128500,3,952,1968,NAmes
135000,5,2080,1969,NAmes
122900,3,924,1949,NAmes
119200,2,1082,1948,NAmes
143000,3,1846,1949,NAmes
119000,3,988,1950,NAmes
102000,3,1238,1950,NAmes
129000,3,864,1950,NAmes
135000,2,1134,1960,NAmes
152000,3,1040,1959,NAmes
140000,3,1170,1958,NAmes
152000,3,1242,1960,NAmes
156500,3,1377,1960,NAmes
141000,6,1800,1961,NAmes
99000,3,925,1961,NAmes
187000,3,1851,1964,NAmes
169500,4,1812,1962,NAmes
125500,2,864,1962,NAmes
130000,3,936,1962,NAmes
103000,2,960,1926,OldTown
132000,2,1432,1910,OldTown
127500,3,1296,1927,OldTown
89500,2,1022,1922,OldTown
140000,2,936,1980,OldTown
99900,2,967,1920,OldTown
100000,2,1047,1885,OldTown
130000,2,1072,1940,OldTown
135000,2,1174,1900,OldTown
120000,2,1183,1948,OldTown
89471,2,1131,1937,OldTown
85000,3,1141,1900,OldTown
108500,2,960,1920,OldTown
137000,4,1798,1900,OldTown
110500,2,866,1945,OldTown
100000,2,968,1923,OldTown
184900,3,1772,1910,OldTown
145000,4,1642,1927,OldTown
125000,3,1472,1925,OldTown
114000,3,1232,1910,OldTown
90000,5,2337,1900,OldTown
144100,3,1650,1910,OldTown
117500,5,2210,1880,OldTown
124500,3,1358,1930,OldTown
185000,3,2454,1879,OldTown
133900,4,2291,1910,OldTown
152000,3,1616,1926,OldTown
153500,2,1559,1948,OldTown
159500,3,2554,1890,OldTown
87000,2,1248,1930,OldTown
104500,2,968,1956,OldTown
110000,1,1382,1949,OldTown
136500,1,1060,1925,BrkSide
128250,3,1435,1950,BrkSide
144000,3,1167,1920,BrkSide
210000,3,1635,1923,BrkSide
135000,3,1274,1939,BrkSide
128000,3,1232,1939,BrkSide
131000,3,1218,1941,BrkSide
113000,2,884,1939,BrkSide
126000,3,1409,1938,BrkSide
132000,4,1322,1939,BrkSide
131750,3,1426,1930,BrkSide
132500,2,1281,1926,BrkSide
137500,4,1513,1920,BrkSide
132000,2,854,1929,BrkSide
127500,3,1367,1931,BrkSide
102000,2,986,1926,BrkSide
200000,4,2264,1918,OldTown
180500,3,1824,1919,BrkSide
165000,3,1376,1920,BrkSide
90000,4,1316,1926,BrkSide
153575,3,1396,1915,BrkSide
140000,3,1344,1929,OldTown
136000,5,2526,1916,OldTown
113000,3,1173,1901,OldTown
117000,2,1214,1901,OldTown
169500,4,1818,1931,IDOTRR
139400,3,1108,1930,IDOTRR
202500,5,2294,1963,IDOTRR
127000,3,1355,1914,IDOTRR
141000,3,1375,1937,IDOTRR
212300,4,1952,1950,IDOTRR
161000,3,2180,1915,IDOTRR
99500,3,1315,1958,IDOTRR
101000,3,1111,1920,IDOTRR
109900,2,1196,1916,IDOTRR
128500,2,1382,1941,OldTown
122000,4,1889,1910,OldTown
87000,3,840,1930,OldTown
50000,3,1484,1910,IDOTRR
219000,3,2267,1937,Sawyer
200500,3,3086,1946,ClearCr
126000,3,1134,1940,Edwards
108500,2,1282,1942,SWISU
130000,3,999,1963,Sawyer
158450,2,1452,1964,Sawyer
115400,3,1005,1964,Sawyer
118500,3,1029,1961,Sawyer
165000,3,1020,1964,Sawyer
123000,3,1040,1966,Sawyer
129000,3,913,1966,Sawyer
125000,3,894,1966,Sawyer
108000,3,948,1968,Sawyer
119900,2,868,1971,Sawyer
115000,3,897,1968,Sawyer
134500,2,943,1967,Sawyer
127000,3,955,1966,Sawyer
129000,3,894,1968,Sawyer
143500,3,1285,1977,Sawyer
129000,3,912,1966,Sawyer
187000,3,1375,1956,Sawyer
158000,4,2654,1920,Sawyer
112000,3,1416,1918,Sawyer
165250,2,1302,1940,Sawyer
150000,3,1299,1954,Sawyer
137000,3,1176,1958,Sawyer
89500,3,998,1945,Sawyer
302000,2,1824,1971,ClearCr
182000,3,1522,1984,ClearCr
211000,4,2060,1988,ClearCr
216000,3,1325,1948,Edwards
130000,3,1630,1953,Edwards
109900,2,1242,1946,Edwards
255000,4,2422,1954,ClearCr
243000,4,2158,1950,Edwards
154000,3,1626,1954,Edwards
118000,3,864,1958,SWISU
80000,3,943,1958,Edwards
150000,4,1440,1977,Edwards
86000,2,605,1920,Edwards
130000,2,1038,1984,Edwards
125000,4,1342,1951,Edwards
136500,4,1480,1951,Edwards
96000,4,1362,1920,Edwards
120000,3,1340,1957,Edwards
228500,4,1822,1984,SawyerW
179900,3,1442,1990,SawyerW
225000,4,2243,1990,SawyerW
301000,4,2730,1986,SawyerW
238000,4,2127,1991,SawyerW
228500,3,1982,1989,SawyerW
220000,3,1958,1994,SawyerW
383970,4,2696,2007,CollgCr
424870,4,2828,2006,CollgCr
250000,3,1651,2007,CollgCr
360000,3,2140,2006,CollgCr
279500,3,1494,2006,CollgCr
200141,3,1316,2007,CollgCr
246500,3,1651,2007,CollgCr
276000,3,2574,2007,CollgCr
203000,3,1274,2005,CollgCr
155835,3,1456,2006,CollgCr
194000,2,1240,2006,CollgCr
195400,2,1208,2007,CollgCr
217000,3,1546,2005,CollgCr
212999,3,1500,2006,CollgCr
175900,2,1270,2005,CollgCr
191000,3,1795,2005,CollgCr
176432,3,1314,2006,CollgCr
277000,3,2062,1988,SawyerW
207000,3,1873,1988,SawyerW
277000,4,2144,1958,ClearCr
240000,3,1953,1992,ClearCr
187500,5,2087,1966,ClearCr
279000,0,1743,1976,ClearCr
139500,3,1022,1994,CollgCr
126000,3,990,1994,CollgCr
177500,3,1200,1995,CollgCr
175000,3,1308,1997,CollgCr
211000,3,1796,1998,CollgCr
146000,3,990,1994,CollgCr
147900,3,1097,1996,CollgCr
123600,3,990,1994,CollgCr
204750,3,1786,1997,CollgCr
235500,3,1873,1999,CollgCr
217000,3,1753,1998,CollgCr
190550,3,1690,2001,CollgCr
217500,3,1842,2000,CollgCr
226000,3,1479,2003,CollgCr
180000,3,1668,2003,CollgCr
131000,3,894,1974,CollgCr
153500,3,1025,1976,CollgCr
160000,3,1009,1977,CollgCr
134900,3,1040,1977,CollgCr
130000,3,907,1977,CollgCr
120000,3,879,1975,CollgCr
112500,3,882,1972,CollgCr
122000,3,969,1975,CollgCr
127000,3,864,1972,CollgCr
117000,3,875,1972,CollgCr
305900,3,2000,2004,CollgCr
228500,3,2169,2002,CollgCr
270000,3,1673,2000,CollgCr
192000,3,1459,2002,CollgCr
213000,3,1932,2003,CollgCr
200000,3,1729,2002,CollgCr
267000,4,2452,1998,CollgCr
228000,3,1592,1994,CollgCr
275000,4,2439,2001,CollgCr
211000,3,1992,1996,CollgCr
285000,3,1668,2002,CollgCr
240000,3,2090,1995,CollgCr
131500,1,848,2003,CollgCr
246900,1,1341,1999,CollgCr
219500,4,1928,2003,CollgCr
185000,3,1337,2003,CollgCr
179400,3,1476,2007,CollgCr
213500,3,1797,2006,CollgCr
179600,3,1422,2004,CollgCr
173500,2,1190,2005,CollgCr
167840,3,1330,2006,CollgCr
168675,3,1491,2006,CollgCr
167000,3,1536,2005,CollgCr
140000,2,1214,1965,Edwards
118500,2,936,1967,Edwards
110000,2,1088,1963,Edwards
94750,3,960,1965,Edwards
122000,3,1351,1925,Edwards
110000,2,1179,1960,Edwards
118500,3,816,1990,Edwards
133500,3,1044,1976,Edwards
148000,3,1113,1976,Edwards
141000,5,2233,1979,Edwards
155000,2,1125,2006,Edwards
157000,2,1090,2005,Edwards
171500,3,1408,2005,Edwards
183850,2,5095,2008,Edwards
184750,3,4676,2007,Edwards
140000,2,1072,2005,Edwards
131750,2,960,1959,Edwards
61500,2,1152,1955,Edwards
111000,3,948,1954,Edwards
98500,4,1195,1946,Edwards
79000,3,774,1931,Edwards
108500,2,865,1920,Edwards
110000,3,894,1954,Edwards
112000,2,1346,1910,Edwards
125000,2,768,1955,Edwards
79275,3,864,1955,Edwards
119000,3,948,1954,Edwards
200000,8,3395,1914,SWISU
150000,6,2592,1923,SWISU
165000,3,1502,1923,Crawfor
96500,2,789,1926,Crawfor
136500,3,1422,1926,Crawfor
146500,2,1298,1921,Crawfor
175000,3,1768,1937,SWISU
148500,2,1098,1930,Crawfor
141500,3,1436,1921,Crawfor
189950,3,1426,1918,Crawfor
135000,3,1461,1926,Crawfor
164000,4,1646,1941,Crawfor
90350,2,694,1913,Crawfor
139000,3,1250,1910,Crawfor
119750,2,954,1938,Crawfor
145000,4,1958,1946,Crawfor
145000,4,2002,1949,Crawfor
238000,4,1718,1927,Crawfor
153500,2,1226,1951,Crawfor
239000,4,2624,1918,Crawfor
359100,4,3194,1934,Crawfor
188000,4,1755,1930,Crawfor
220000,3,1991,1932,Crawfor
140000,3,1355,1941,Crawfor
315000,3,2727,1932,Crawfor
259500,3,2320,1945,Crawfor
257500,3,1839,1957,Crawfor
219500,3,1740,1940,Crawfor
217000,3,2259,1953,Crawfor
201000,3,1560,1960,Crawfor
215000,3,1488,1968,Crawfor
123900,2,1045,1980,Blueste
170000,4,1680,1995,Crawfor
200000,1,1020,1988,Blueste
198000,3,1696,1971,Crawfor
200624,4,2515,1957,Crawfor
315000,2,2726,1986,Crawfor
115000,3,1517,1919,IDOTRR
141000,3,1215,1940,IDOTRR
87000,2,803,1941,IDOTRR
129850,3,1601,1925,IDOTRR
100000,3,1123,1939,IDOTRR
150909,3,1828,1923,IDOTRR
75200,2,816,1922,IDOTRR
118400,2,1012,1920,IDOTRR
67000,2,1077,1920,IDOTRR
152000,4,1558,1950,IDOTRR
68104,1,845,1939,IDOTRR
119600,4,1991,1895,IDOTRR
140000,3,1073,1957,IDOTRR
124900,2,1001,1930,IDOTRR
375000,2,1625,2006,Crawfor
235000,2,1625,2006,Crawfor
183500,2,1299,1979,Mitchel
156000,2,912,1978,Mitchel
134000,3,1080,1983,Mitchel
215000,3,1392,2002,Mitchel
245000,1,1409,2002,Mitchel
210000,3,1478,1991,Mitchel
148000,3,918,1975,Mitchel
143000,2,1026,1974,Mitchel
244000,2,1501,1987,Timber
330000,1,1502,1998,GrnHill
170000,2,1328,1959,Timber
257000,4,2279,1958,Timber
231713,3,1689,2006,Timber
267300,2,1564,2006,Timber
265900,2,1484,2006,Timber
239000,3,1571,2007,Timber
248900,3,1646,2006,Timber
174000,3,1240,1985,Timber
187500,3,1717,1990,Timber
204000,3,1756,1996,Timber
180500,2,1312,2001,Timber
187500,3,1146,2003,Timber
282000,2,1922,2002,Timber
178000,3,1491,1996,Timber
270000,3,1629,2002,Timber
279900,5,2486,2003,Timber
186700,3,1572,1963,Timber
283463,3,1776,2006,Timber
392000,3,1824,2006,Timber
281213,4,2482,2005,Timber
147000,3,1120,2007,Mitchel
130000,2,2034,1953,Mitchel
140000,0,936,1996,Mitchel
132250,3,1040,1963,Mitchel
143000,4,1632,1967,Mitchel
168000,3,1622,1961,Mitchel
129900,3,1060,1976,MeadowV
134000,3,1142,1976,MeadowV
85500,3,1092,1972,MeadowV
106500,2,992,1970,MeadowV
93900,3,1092,1970,MeadowV
75000,3,1092,1970,MeadowV
84500,1,630,1970,MeadowV
75190,3,1092,1976,MeadowV
146800,3,1062,1976,Mitchel
153500,1,1008,1977,Mitchel
188000,3,1356,1977,Mitchel
196000,3,1676,1977,Mitchel
157000,3,1432,1977,Mitchel
138000,2,796,1971,Mitchel
129500,2,768,1970,Mitchel
80000,3,1608,1961,Mitchel
129500,2,845,1982,Mitchel
135000,3,1178,1976,Mitchel
124500,2,816,1982,Mitchel
139000,2,816,1983,Mitchel
93500,3,974,1991,Mitchel
124500,3,887,1984,Mitchel
149900,2,1293,1954,NAmes
157500,2,1024,1956,NAmes
169000,3,1797,1957,NAmes
252000,1,1390,1957,NAmes
192100,3,1851,1969,NAmes
183500,3,1525,1997,Gilbert
222000,4,2236,1997,Gilbert
170000,3,1671,1995,Gilbert
187500,3,1498,1995,Gilbert
202000,3,1776,1996,Gilbert
185000,3,1511,1997,Gilbert
320000,4,2462,2005,Gilbert
240000,3,1670,2006,Gilbert
250000,4,2064,2005,Gilbert
239900,3,1801,2005,Gilbert
309000,3,2212,2005,Gilbert
274725,3,2021,2006,Gilbert
270000,4,2687,1994,StoneBr
183500,3,1169,1993,Gilbert
165600,3,1501,1993,Gilbert
176500,3,1632,1998,Gilbert
130000,2,1204,1987,StoneBr
239000,2,1767,1987,StoneBr
275000,2,1742,1985,StoneBr
457347,3,2798,2005,StoneBr
545224,5,3390,2006,StoneBr
356383,4,2473,2006,StoneBr
556581,4,2868,2005,StoneBr
361919,4,2576,2006,StoneBr
535000,4,2698,2006,StoneBr
401179,4,2795,2005,StoneBr
438780,3,2945,2006,StoneBr
169000,2,2320,1948,Gilbert
145000,3,1056,1955,Gilbert
318000,2,1714,2005,StoneBr
319000,3,1826,2005,StoneBr
470000,3,2000,2005,StoneBr
202500,3,1621,1984,NWAmes
229000,4,2183,1988,NWAmes
235000,3,2263,1977,NWAmes
190000,3,1574,1976,NWAmes
169000,2,1102,1980,NWAmes
241500,3,1872,1988,NWAmes
188900,4,1857,1978,NWAmes
207500,3,1686,1980,NWAmes
250000,5,2784,1978,NWAmes
179900,3,1552,1975,NWAmes
172000,2,1083,1976,NWAmes
294323,3,2318,2005,Somerst
184500,3,1875,1975,NWAmes
153500,3,1074,1975,NWAmes
162900,4,1664,1976,NWAmes
181000,3,1309,1974,NWAmes
155000,3,1103,1974,NWAmes
138800,3,1096,1969,NAmes
116050,3,864,1970,NAmes
88000,3,858,1971,NAmes
97500,3,874,1971,NAmes
190000,2,1419,2002,NAmes
105500,3,1092,1973,BrDale
125500,3,1365,1973,BrDale
83000,2,987,1973,BrDale
116000,3,1030,1972,BrDale
91500,3,1218,1971,BrDale
118000,3,1218,1972,BrDale
89000,2,948,1972,BrDale
108000,3,1092,1972,BrDale
94500,2,987,1972,BrDale
146300,2,1069,1975,NPkVill
145000,3,1387,1967,NAmes
123000,3,900,1967,NAmes
137500,2,1055,1976,NPkVill
144000,3,1456,1976,NPkVill
315000,3,1980,2004,NridgHt
412083,4,2589,2006,NridgHt
342643,4,2596,2006,NridgHt
252000,2,1618,2004,NridgHt
465000,2,2076,2006,NridgHt
293000,4,1740,2006,NridgHt
415000,2,1868,2005,NridgHt
326000,3,1850,2004,NridgHt
325300,4,2376,2005,NridgHt
309000,4,2452,2004,NridgHt
300000,4,2206,2005,NridgHt
275500,3,2098,2005,NridgHt
338500,3,2091,2005,NridgHt
345000,4,2324,2005,NridgHt
344133,3,2253,2005,NridgHt
298236,4,2389,2006,NridgHt
329900,4,2358,2005,NridgHt
360000,3,1944,2003,NridgHt
281000,3,1970,2006,NridgHt
372397,2,1792,2005,NridgHt
378000,2,1780,2004,NridgHt
374000,2,1792,2003,NridgHt
437154,4,2728,2005,NridgHt
275000,3,1904,2005,NridgHt
279000,3,1914,2004,NridgHt
185850,2,1364,2005,NridgHt
282500,2,1565,2005,NridgHt
202500,2,1368,2005,NridgHt
202665,2,1368,2005,NridgHt
332200,1,1686,2006,NridgHt
310090,2,1666,2006,NridgHt
171750,2,1405,2003,NridgHt
169990,3,1316,2005,Gilbert
170440,3,1456,2005,Gilbert
169985,3,1492,2006,Gilbert
179665,3,1496,2006,Gilbert
219210,4,1863,2006,Gilbert
174190,3,1326,2006,Gilbert
172785,3,1456,2006,Gilbert
258000,4,2373,2004,Gilbert
185101,3,1492,2006,Gilbert
210250,2,1364,2006,Blmngtn
234000,2,1557,2003,Blmngtn
215000,2,1456,2003,Blmngtn
246990,2,1511,2002,Blmngtn
178740,2,1414,2004,Blmngtn
225000,2,1548,2004,Blmngtn
167240,2,1248,2005,Blmngtn
156820,2,1142,2005,Blmngtn
213490,2,1506,2005,Blmngtn
264561,1,1567,2006,Blmngtn
246578,2,1500,2006,Blmngtn
192140,4,1838,2005,Gilbert
183200,3,1509,2002,Gilbert
178000,3,1414,2004,Gilbert
201490,3,1598,2004,Gilbert
230500,3,1936,2000,Gilbert
180000,3,1509,2003,Gilbert
172400,3,1664,2000,Gilbert
215000,3,1889,2000,Gilbert
199900,4,1886,1998,Gilbert
173000,3,1671,2000,Gilbert
287602,4,2322,2006,Gilbert
230000,4,2291,1999,Gilbert
348000,3,2392,1997,NoRidge
286000,3,1976,1998,NoRidge
300000,3,2234,2000,NoRidge
625000,4,3627,1995,NoRidge
405000,4,2855,2000,NoRidge
280000,3,1924,1998,NoRidge
258000,4,2263,1998,NoRidge
350000,4,2726,1995,NoRidge
584500,4,3500,1993,NoRidge
321000,4,2494,1994,NoRidge
290000,4,2526,1994,NoRidge
315000,3,2799,1993,NoRidge
252000,3,1964,2005,Somerst
336820,2,1670,2006,Somerst
423000,1,2097,2005,Somerst
290000,3,1660,2006,Somerst
232000,3,1616,2005,Somerst
199000,3,1504,2006,Somerst
198600,2,1278,2006,Somerst
405749,3,2640,2006,Somerst
232600,3,1489,2006,Somerst
266000,3,1939,2006,Somerst
186500,3,1553,2005,Somerst
200825,3,1716,2005,Somerst
197000,3,1576,2006,Somerst
185000,2,1262,2006,Somerst
176000,3,1266,2005,Somerst
187750,2,1301,2006,Somerst
139500,3,1142,2005,SawyerW
186800,3,1400,2005,SawyerW
132000,3,1131,2005,SawyerW
142500,3,1141,2005,SawyerW
158000,3,1158,2004,SawyerW
184000,3,1686,2005,SawyerW
184900,3,1585,2005,SawyerW
187000,3,1837,1997,SawyerW
175900,3,1603,1992,SawyerW
248500,3,1731,1992,SawyerW
172000,2,1398,1990,SawyerW
151000,2,1217,1991,SawyerW
150000,3,1320,1994,SawyerW
107000,2,1056,1966,SawyerW
119900,3,965,1965,SawyerW
129500,3,988,1962,Sawyer
125000,6,1728,1963,Sawyer
119500,4,1654,1977,Sawyer
144000,2,1211,1962,Sawyer
151000,3,1212,1977,Sawyer
126000,3,984,1965,Sawyer
116000,3,909,1968,Sawyer
133500,2,925,1963,Sawyer
120875,3,1024,1965,Sawyer
137000,3,935,1965,Sawyer
124000,3,912,1964,Sawyer
135000,3,1236,1961,Sawyer
129200,3,941,1967,Sawyer
260000,3,2646,1974,Veenker
260000,4,2417,1991,NoRidge
334000,3,2826,1992,NoRidge
310000,5,2520,1993,NoRidge
268000,4,2295,1992,NoRidge
262000,2,1624,1994,NoRidge
176400,1,1143,2004,Somerst
197000,1,1247,2005,Somerst
151000,2,1200,2005,Somerst
147400,2,1223,2005,Somerst
149900,2,1223,2005,Somerst
144152,2,1200,2005,Somerst
166000,2,1524,2000,Somerst
183900,3,1452,1999,Somerst
165000,3,1382,2000,Somerst
139000,2,1080,2003,Somerst
200000,3,1694,1997,Somerst
221000,3,1568,2001,Somerst
270000,2,1494,1995,Veenker
165000,3,1208,1977,Veenker
214000,1,1235,1980,Greens
188000,1,1036,1980,Greens
190000,1,1226,1980,Greens
170000,1,1226,1978,Greens
385000,0,1842,1981,Veenker
146500,2,1193,1972,NWAmes
170000,4,1920,1968,NWAmes
262500,3,2156,1968,NWAmes
179900,3,1416,1968,NWAmes
250000,4,2654,1968,NWAmes
165150,4,1790,1972,NWAmes
164500,3,1334,1967,NWAmes
140000,3,1164,1969,NWAmes
135500,3,980,1967,NAmes
142000,3,1051,1968,NAmes
155000,4,1770,1968,NAmes
157500,2,976,1968,NAmes
138500,3,1052,1968,NAmes
140000,3,898,1968,NAmes
124400,3,1051,1966,NAmes
158000,3,1141,1967,NAmes
146000,1,1200,1965,NAmes
190000,4,1993,1971,NWAmes
136500,3,1050,1961,NAmes
129900,3,864,1958,NAmes
145000,4,1712,1959,NAmes
185900,3,1565,1965,NAmes
160000,3,1251,1964,NAmes
167000,3,1488,1964,NAmes
157500,4,1440,1964,NAmes
140000,2,1095,1958,NAmes
150000,3,1053,1958,NAmes
151500,3,1248,1960,NAmes
129800,2,816,1934,NAmes
137000,2,1008,1954,NAmes
137000,2,1043,1947,NAmes
121600,3,1230,1946,BrkSide
85500,2,869,1923,BrkSide
79900,1,747,1926,BrkSide
127000,3,1252,1908,BrkSide
161000,3,1433,1961,NAmes
146500,2,1624,1952,NAmes
135000,3,1216,1951,NAmes
137900,4,2136,1951,NAmes
133000,3,1578,1941,NAmes
137000,3,1728,1949,NAmes
121000,2,936,1954,NAmes
119000,4,1584,1967,NAmes
172000,3,1246,1964,NAmes
98600,2,1235,1961,NAmes
226000,4,2157,1966,NAmes
118000,2,1128,1954,NAmes
235000,4,3112,1918,NAmes
135000,2,1008,1963,NAmes
132500,3,1190,1962,NAmes
143000,3,1144,1959,NAmes
132000,3,1364,1957,NAmes
145250,3,1383,1960,NAmes
162000,3,1336,1958,NAmes
148000,3,1370,1956,NAmes
141000,2,1092,1957,NAmes
153000,3,1124,1956,NAmes
134450,2,1236,1957,NAmes
135960,2,943,1979,NAmes
156000,3,1050,1954,NAmes
140000,2,1375,1954,NAmes
139500,2,1008,1952,NAmes
155000,2,1575,1951,NAmes
127000,3,1145,1956,NAmes
133500,2,1005,1956,NAmes
125000,3,1056,1955,NAmes
142000,2,884,1951,NAmes
167000,3,2039,1941,NAmes
159000,2,1384,1956,NAmes
180000,5,2640,1925,OldTown
127000,3,1312,1947,NAmes
112000,2,1310,1924,OldTown
99800,2,713,1930,OldTown
117000,2,833,1954,OldTown
108480,2,1073,1921,OldTown
68000,2,715,1929,NAmes
86900,1,720,1900,OldTown
120000,2,1130,1920,OldTown
155500,3,1595,1915,OldTown
80000,4,1760,1910,OldTown
105000,3,1214,1915,OldTown
160000,3,2414,1900,OldTown
170000,3,1466,1936,OldTown
160000,3,1324,1965,NAmes
159950,3,1086,1966,NAmes
165000,3,1146,1963,NAmes
159000,3,1734,1962,NAmes
147000,3,1207,1962,NAmes
115000,2,912,1964,NAmes
159500,3,1194,1959,NAmes
120000,2,864,1959,NAmes
129900,2,816,1957,NAmes
183000,3,1773,1961,NAmes
157500,2,1472,1959,NAmes
277500,3,2448,1962,NAmes
207500,2,1600,1957,NAmes
147500,3,1521,1950,NAmes
135000,4,1192,1949,NAmes
109500,2,1040,1950,NAmes
109900,2,1040,1950,NAmes
133700,3,1040,1959,NAmes
81400,2,1040,1950,NAmes
87500,2,1040,1949,NAmes
93500,2,1040,1950,NAmes
119000,4,1556,1960,NAmes
141000,3,1150,1959,NAmes
146000,3,1150,1961,NAmes
155000,3,1348,1966,NAmes
134500,3,999,1962,NAmes
120000,3,1045,1962,NAmes
105000,3,864,1962,NAmes
124000,3,1025,1962,NAmes
169000,5,2014,1900,OldTown
107000,3,1328,1925,OldTown
135000,3,1668,1948,OldTown
111500,4,1657,1920,OldTown
156500,3,1416,1900,OldTown
178000,3,1641,1925,OldTown
139900,4,1428,1900,OldTown
105000,2,1004,1930,OldTown
110000,2,813,1930,OldTown
111500,4,1951,1900,OldTown
108000,2,1032,1924,OldTown
111500,2,844,1925,OldTown
124000,3,1750,1880,OldTown
105000,2,864,1950,OldTown
116000,2,1118,1920,OldTown
96900,2,1376,1905,OldTown
135500,3,960,1955,OldTown
139000,5,1566,1924,OldTown
61500,1,492,1921,OldTown
120000,3,1182,1945,OldTown
126175,3,1163,1955,OldTown
64000,2,840,1920,OldTown
137000,4,1928,1910,OldTown
87000,4,1774,1900,OldTown
163000,2,1768,1914,OldTown
155000,5,2104,1910,OldTown
79000,3,1440,1900,OldTown
144000,3,1690,1916,OldTown
114504,3,1368,1910,OldTown
157000,4,1762,1920,OldTown
125000,4,1200,1923,OldTown
475000,4,3608,1892,OldTown
93500,2,1248,1920,OldTown
125000,3,960,1958,OldTown
64500,2,1020,1918,IDOTRR
100000,2,788,1941,BrkSide
140200,3,1577,1939,BrkSide
202500,2,1827,1924,BrkSide
159000,3,1664,1947,BrkSide
119900,3,1118,1939,OldTown
114500,3,1176,1934,BrkSide
115000,3,1344,1936,BrkSide
75000,3,1162,1930,BrkSide
88000,3,1015,1925,BrkSide
80500,2,912,1947,BrkSide
149000,3,1576,1928,BrkSide
110000,3,1324,1930,BrkSide
110500,2,1103,1925,OldTown
89000,2,616,1921,BrkSide
113000,2,1048,1922,BrkSide
109000,2,816,1925,BrkSide
220000,5,2486,1962,OldTown
129000,3,960,1970,BrkSide
117000,2,1635,1910,OldTown
52500,2,693,1941,OldTown
107000,3,1430,1924,IDOTRR
116500,3,1330,1910,IDOTRR
72000,2,819,1919,IDOTRR
119500,3,1376,1937,IDOTRR
125500,2,1360,1938,IDOTRR
91000,3,1077,1922,IDOTRR
84500,2,754,1935,IDOTRR
90000,3,984,1930,IDOTRR
137500,3,1422,1951,Sawyer
150000,4,1921,1964,Sawyer
131000,3,1640,1950,Sawyer
130000,3,1352,1958,ClearCr
125000,2,1032,1935,Edwards
80000,2,879,1936,SWISU
157000,2,1073,2004,SWISU
148000,3,1382,1963,Sawyer
90000,2,1296,1967,Sawyer
154500,3,1068,1963,Sawyer
153600,3,1064,1967,Sawyer
164500,3,1320,1966,Sawyer
132000,2,934,1964,Sawyer
142500,3,1059,1966,Sawyer
158000,3,1159,1968,Sawyer
149500,3,1400,1978,Sawyer
165000,3,1458,1967,Sawyer
180000,3,1721,1968,Sawyer
160500,3,1040,1978,Sawyer
156500,6,1967,1977,Sawyer
157000,6,1949,1977,Sawyer
172500,4,1920,1958,Sawyer
155000,3,1803,1957,Sawyer
170000,3,1779,1955,Sawyer
105000,2,872,1924,Sawyer
145000,0,960,1965,Sawyer
168000,3,1437,1956,Sawyer
278000,2,1830,1967,ClearCr
164000,1,1000,1963,ClearCr
225000,3,2287,1953,ClearCr
130000,2,810,1971,Sawyer
142500,3,894,1974,Sawyer
148400,2,1700,1980,ClearCr
190000,2,1453,1986,ClearCr
146000,3,1350,1954,Edwards
128000,3,1150,1942,Edwards
225000,3,2008,1948,Edwards
274970,4,2201,1966,Edwards
235000,4,2009,1928,Edwards
415000,5,3672,1935,Edwards
182000,3,1560,1962,Edwards
135000,3,1488,1952,Edwards
137000,3,1057,1955,Edwards
136900,4,1855,1954,Edwards
149900,5,1609,1953,Edwards
123500,2,1148,1952,Edwards
93000,3,1124,1954,Edwards
91500,4,1456,1948,Edwards
180000,3,1298,1985,SawyerW
209000,4,2559,1989,SawyerW
215000,3,1911,1993,SawyerW
224500,2,1440,1993,SawyerW
229800,3,1876,2005,CollgCr
183600,2,1208,2005,CollgCr
194000,2,1220,2006,CollgCr
193879,2,1294,2006,CollgCr
221500,3,1614,2005,CollgCr
204900,2,1498,2006,CollgCr
239799,3,1962,2006,CollgCr
233555,3,1846,2006,CollgCr
260000,3,1734,2005,CollgCr
294900,2,1590,2005,CollgCr
209700,3,1809,2005,CollgCr
225000,3,1614,2005,CollgCr
181000,3,1596,2005,CollgCr
220000,3,1915,1992,SawyerW
190000,4,1582,1964,ClearCr
180000,1,988,1969,ClearCr
280000,2,1533,1975,ClearCr
158900,3,1388,1968,ClearCr
148000,2,914,1996,CollgCr
145000,3,1100,1996,CollgCr
187000,3,1499,1995,CollgCr
193000,3,1425,1998,CollgCr
156000,3,990,1995,CollgCr
235000,3,1525,2000,CollgCr
217000,3,1494,1997,CollgCr
214000,3,1588,1999,CollgCr
196000,3,1749,1999,CollgCr
217000,3,1779,1999,CollgCr
200000,3,1861,2002,CollgCr
192500,3,1776,2002,CollgCr
205000,3,1541,2001,CollgCr
132500,3,954,1976,CollgCr
157500,3,1388,1977,CollgCr
174000,3,1282,1978,CollgCr
128500,3,971,1969,CollgCr
128500,3,864,1972,CollgCr
149900,3,894,1972,CollgCr
119900,3,864,1972,CollgCr
137000,3,1320,1993,Landmrk
255000,3,1989,2002,CollgCr
222000,3,1762,2002,CollgCr
214000,3,1755,1999,CollgCr
220000,1,1358,2002,CollgCr
275000,3,1787,2001,CollgCr
197000,4,1909,2002,CollgCr
230000,3,1654,2002,CollgCr
268500,3,2214,1999,CollgCr
210900,4,2049,1996,CollgCr
227000,3,1939,1998,CollgCr
237000,4,1995,1995,CollgCr
274300,3,2097,1998,CollgCr
216837,3,1836,2004,CollgCr
133000,1,848,2003,CollgCr
155900,1,848,2004,CollgCr
233230,3,1919,2006,CollgCr
207000,3,1390,2003,CollgCr
195000,4,1948,2004,CollgCr
200000,3,1700,2003,CollgCr
203160,3,1737,2006,CollgCr
195800,3,1611,2005,CollgCr
212900,3,1552,2005,CollgCr
196500,3,1720,2004,CollgCr
198000,3,1336,2005,CollgCr
173900,3,1500,2005,CollgCr
163990,3,1456,2005,CollgCr
164990,3,1310,2005,CollgCr
98000,3,1436,1910,Edwards
149900,3,1466,1959,Edwards
102000,2,1220,1951,Edwards
127500,4,1012,1975,Edwards
127500,4,980,1975,Edwards
119900,2,1176,1969,Edwards
196500,3,1724,2003,Edwards
117250,2,914,2002,Edwards
229000,3,2314,2003,Edwards
145000,2,1072,2005,Edwards
140000,2,1072,2005,Edwards
142500,2,1072,2005,Edwards
134000,3,1709,2004,Edwards
130000,3,1709,2004,Edwards
130000,3,1709,2004,Edwards
137500,3,1709,2004,Edwards
130000,3,1708,2004,Edwards
97900,3,936,1948,Edwards
92000,3,1338,1915,Edwards
107000,4,1669,1924,Edwards
81000,5,1184,1910,Edwards
104900,4,1221,1924,Edwards
115000,2,864,1955,Edwards
125000,3,1482,1954,Edwards
116000,3,1250,1918,Edwards
83000,3,1414,1922,Edwards
118500,5,2230,1912,SWISU
35000,1,498,1922,Edwards
121000,3,1273,1910,Edwards
160000,5,1928,1916,SWISU
140000,2,1595,1940,SWISU
137000,3,1551,1938,SWISU
128000,3,1340,1945,SWISU
160000,3,1479,1926,SWISU
138887,4,1784,1914,Crawfor
149000,3,1510,1920,SWISU
102000,4,1522,1926,SWISU
167000,4,1636,1919,Crawfor
200100,4,1802,1920,Crawfor
131000,3,1465,1939,SWISU
112000,4,1288,1941,SWISU
140000,3,1717,1915,Crawfor
195000,3,1550,1920,Crawfor
230000,3,1517,1929,Crawfor
194000,2,1717,1940,Crawfor
137500,2,1180,1922,Crawfor
250000,3,2057,1936,Crawfor
218000,4,1671,1929,Crawfor
239000,4,2345,1932,Crawfor
199500,3,1609,1932,Crawfor
210000,3,1801,1930,Crawfor
230000,2,1811,1956,Crawfor
217500,3,1647,1977,Crawfor
257000,4,2315,1950,Crawfor
157000,2,1336,1953,Crawfor
223000,3,1844,1969,Crawfor
102000,2,976,1942,IDOTRR
145400,3,1285,1926,IDOTRR
72000,2,672,1925,IDOTRR
85000,2,641,1925,IDOTRR
106500,2,951,1936,IDOTRR
139000,4,1638,1957,IDOTRR
108000,3,1336,1920,IDOTRR
51689,2,729,1945,IDOTRR
35311,1,480,1949,IDOTRR
115000,4,1396,1951,IDOTRR
78000,2,936,1916,IDOTRR
375000,2,1778,2005,Crawfor
300000,2,1646,2004,Crawfor
242500,3,1625,1979,Mitchel
145000,4,1664,1978,Mitchel
209000,3,1491,2001,Mitchel
135000,2,1004,1977,Mitchel
148000,3,1210,1975,Mitchel
171000,5,1959,1988,Mitchel
335000,4,2519,1989,Timber
230000,2,1295,1986,GrnHill
250764,2,1650,1958,Timber
228000,2,1707,1981,Timber
176000,2,1137,1987,Timber
180000,2,1339,1990,Timber
250000,4,2514,1990,Timber
202000,2,1403,2000,Timber
312500,3,1800,2002,Timber
320000,3,1960,2005,Timber
369900,2,2028,2005,Timber
359900,3,1838,2005,Timber
81500,3,1600,1951,Mitchel
215000,2,1368,1997,Mitchel
164000,2,1216,1998,Mitchel
153500,2,1337,1998,Mitchel
84500,3,1140,2006,Mitchel
104500,3,1304,1977,MeadowV
127000,4,1475,1977,MeadowV
151400,5,2521,1973,MeadowV
126500,3,874,1968,Mitchel
146500,4,1652,1970,Mitchel
73000,1,630,1970,MeadowV
79400,3,1092,1972,MeadowV
140000,3,1360,1969,Mitchel
92000,1,630,1970,MeadowV
87550,3,1092,1970,MeadowV
79500,3,1092,1970,MeadowV
90500,3,1092,1970,MeadowV
71000,3,1092,1970,MeadowV
150900,4,1728,1976,Mitchel
188000,4,1728,1976,Mitchel
160000,3,1126,1977,Mitchel
131000,4,1224,1960,Mitchel
142500,3,1003,1984,Mitchel
131000,2,902,1983,Mitchel
132000,3,970,1992,Mitchel
170000,2,1389,1974,Mitchel
188000,3,2000,1993,Mitchel
