city,country,pop2023,latitude,longitude,fill
Sao Paulo,Brazil,10021295,-23.5475,-46.6361,#3288bd
Rio de Janeiro,Brazil,6023699,-22.9064,-43.1822,#e6f598
Salvador,Brazil,2711840,-12.9711,-38.5108,#ffffbf
Fortaleza,Brazil,2400000,-3.71722,-38.5431,#fee08b
Belo Horizonte,Brazil,2373224,-19.9208,-43.9378,#fee08b
Brasilia,Brazil,2207718,-15.7797,-47.9297,#fee08b
Curitiba,Brazil,1718421,-25.4278,-49.2731,#fee08b
Manaus,Brazil,1598210,-3.10194,-60.025,#fee08b
Recife,Brazil,1478098,-8.05389,-34.8811,#fee08b
Belem,Brazil,1407737,-1.45583,-48.5044,#fee08b
Porto Alegre,Brazil,1372741,-30.0328,-51.2302,#fee08b
Goiania,Brazil,1171195,-16.6786,-49.2539,#fee08b
Guarulhos,Brazil,1169577,-23.4628,-46.5333,#fee08b
Campinas,Brazil,1031554,-22.9056,-47.0608,#fee08b
Nova Iguacu,Brazil,1002118,-22.7592,-43.4511,#fee08b
Maceio,Brazil,954991,-9.66583,-35.7353,#fdae61
Sao Luis,Brazil,917237,-2.52972,-44.3028,#fdae61
Duque de Caxias,Brazil,818329,-22.7856,-43.3117,#fdae61
Natal,Brazil,763043,-5.795,-35.2094,#fdae61
Teresina,Brazil,744512,-5.08917,-42.8019,#f46d43
Sao Bernardo do Campo,Brazil,743372,-23.6939,-46.565,#f46d43
Campo Grande,Brazil,729151,-20.4428,-54.6464,#f46d43
Jaboatao,Brazil,702621,-8.18028,-35.0014,#f46d43
Osasco,Brazil,677856,-23.5325,-46.7917,#f46d43
Santo Andre,Brazil,662373,-23.6639,-46.5383,#f46d43
Joao Pessoa,Brazil,650883,-7.115,-34.8631,
Jaboatao dos Guararapes,Brazil,630008,-8.11278,-35.0147,
Contagem,Brazil,627123,-19.9317,-44.0536,
Ribeirao Preto,Brazil,619746,-21.1775,-47.8103,
Feira de Santana,Brazil,619609,-12.2667,-38.9667,
Sao Jose dos Campos,Brazil,613764,-23.1794,-45.8869,
Uberlandia,Brazil,563536,-18.9186,-48.2772,
Sorocaba,Brazil,558862,-23.5017,-47.4581,
Cuiaba,Brazil,521934,-15.5961,-56.0967,
Aparecida de Goiania,Brazil,510770,-16.8233,-49.2439,
Aracaju,Brazil,490175,-10.9111,-37.0717,
Londrina,Brazil,471832,-23.3103,-51.1628,
Juiz de Fora,Brazil,470193,-21.7642,-43.3503,
Belford Roxo,Brazil,466096,-22.7642,-43.3994,
Joinville,Brazil,461304,-26.3044,-48.8456,
Niteroi,Brazil,456456,-22.8833,-43.1036,
Sao Joao de Meriti,Brazil,454849,-22.8039,-43.3722,
Ananindeua,Brazil,433956,-1.36556,-48.3722,
Florianopolis,Brazil,412724,-27.5967,-48.5492,
Santos,Brazil,411403,-23.9608,-46.3336,
Ribeirao das Neves,Brazil,406802,-19.7669,-44.0867,
Vila Velha,Brazil,394930,-20.3297,-40.2925,
Serra,Brazil,394153,-20.1286,-40.3078,
Diadema,Brazil,390633,-23.6861,-46.6228,
Campos dos Goytacazes,Brazil,387417,-21.7523,-41.3304,
Maua,Brazil,386069,-23.6678,-46.4614,
Betim,Brazil,384000,-19.9678,-44.1983,
Caxias do Sul,Brazil,381270,-29.1681,-51.1794,
Sao Jose do Rio Preto,Brazil,374699,-20.8197,-49.3794,
Olinda,Brazil,366754,-8.00889,-34.8553,
Carapicuiba,Brazil,361112,-23.5227,-46.835,
Campina Grande,Brazil,348936,-7.23056,-35.8811,
Piracicaba,Brazil,342209,-22.7253,-47.6492,
Macapa,Brazil,338936,0.03889,-51.0664,
Itaquaquecetuba,Brazil,336679,-23.4861,-46.3483,
Bauru,Brazil,335024,-22.3147,-49.0606,
Montes Claros,Brazil,332379,-16.735,-43.8617,
Canoas,Brazil,328291,-29.9178,-51.1836,
Mogi das Cruzes,Brazil,325746,-23.5228,-46.1883,
Sao Vicente,Brazil,324457,-23.9631,-46.3919,
Jundiai,Brazil,321589,-23.1864,-46.8842,
Pelotas,Brazil,320674,-31.77,-52.341,
Anapolis,Brazil,319587,-16.3267,-48.9528,
Vitoria,Brazil,312656,-20.3194,-40.3378,
Maringa,Brazil,311724,-23.4253,-51.9386,
Guaruja,Brazil,310424,-23.9931,-46.2564,
Porto Velho,Brazil,306180,-8.76194,-63.9039,
Franca,Brazil,305041,-20.5386,-47.4008,
Blumenau,Brazil,293949,-26.9194,-49.0661,
Foz do Iguacu,Brazil,293523,-25.5478,-54.5881,
Ponta Grossa,Brazil,292177,-25.095,-50.1619,
Paulista,Brazil,289971,-7.94083,-34.8731,
Limeira,Brazil,289665,-22.5647,-47.4017,
Viamao,Brazil,285269,-30.0811,-51.0233,
Suzano,Brazil,283314,-23.5425,-46.3108,
Caucaia,Brazil,275019,-3.73611,-38.6531,
Petropolis,Brazil,272691,-22.505,-43.1786,
Uberaba,Brazil,260843,-19.7483,-47.9319,
Rio Branco,Brazil,257642,-9.97472,-67.81,
Cascavel,Brazil,257172,-24.9558,-53.4553,
Novo Hamburgo,Brazil,253841,-29.6783,-51.1306,
Vitoria da Conquista,Brazil,253137,-14.8661,-40.8394,
Barueri,Brazil,251994,-23.5106,-46.8761,
Taubate,Brazil,251641,-23.0264,-45.5553,
Governador Valadares,Brazil,250878,-18.8511,-41.9494,
Praia Grande,Brazil,250027,-24.0058,-46.4028,
Varzea Grande,Brazil,249752,-15.6467,-56.1325,
Volta Redonda,Brazil,249580,-22.5231,-44.1042,
Santa Maria,Brazil,249219,-29.6842,-53.8069,
Santa Luzia,Brazil,243503,-19.7697,-43.8514,
Gravatai,Brazil,238778,-29.9422,-50.9928,
Caruaru,Brazil,235371,-8.28333,-35.9761,
Boa Vista,Brazil,235150,2.81972,-60.6733,
Rio Verde,Brazil,229651,-17.7981,-50.9281,
Ipatinga,Brazil,228746,-19.4683,-42.5367,
Sumare,Brazil,227977,-22.8219,-47.2669,
Juazeiro do Norte,Brazil,225230,-7.21306,-39.3153,
Embu,Brazil,221733,-23.6489,-46.8522,
Imperatriz,Brazil,218106,-5.52639,-47.4917,
Colombo,Brazil,217000,-25.2917,-49.2242,
Taboao da Serra,Brazil,214523,-23.6261,-46.7917,
Jacarei,Brazil,213110,-23.3053,-45.9658,
Marilia,Brazil,212218,-22.2139,-49.9458,
Presidente Prudente,Brazil,209502,-22.1256,-51.3889,
Sao Leopoldo,Brazil,209229,-29.7603,-51.1472,
Alvorada,Brazil,209213,-29.9904,-51.0781,
Itabuna,Brazil,205660,-14.7856,-39.2803,
Sao Carlos,Brazil,205035,-22.0175,-47.8908,
Hortolandia,Brazil,203533,-22.8583,-47.22,
Mossoro,Brazil,202005,-5.1875,-37.3442,
Itapevi,Brazil,201748,-23.5489,-46.9342,
Sete Lagoas,Brazil,201334,-19.4658,-44.2467,
Sao Jose,Brazil,200000,-28.2117,-49.1632,
Palmas,Brazil,196272,-10.1674,-48.3277,
Parauapebas,Brazil,196259,-6.0675,-49.9022,
Americana,Brazil,196022,-22.7392,-47.3314,
Petrolina,Brazil,194650,-9.39861,-40.5008,
Divinopolis,Brazil,193832,-20.1436,-44.8907,
Maracanau,Brazil,193529,-3.87667,-38.6256,
Planaltina,Brazil,189412,-15.6179,-47.6487,
Santarem,Brazil,189047,-2.44306,-54.7083,
Camacari,Brazil,188758,-12.6975,-38.3242,
Santa Barbara d'Oeste,Brazil,188000,-22.7536,-47.4136,
Rio Grande,Brazil,187838,-32.035,-52.0986,
Cachoeiro de Itapemirim,Brazil,187019,-20.8489,-41.1128,
Itaborai,Brazil,182498,-22.7444,-42.8594,
Rio Claro,Brazil,180147,-22.4114,-47.5614,
Indaiatuba,Brazil,179911,-23.0884,-47.2119,
Passo Fundo,Brazil,179529,-28.2628,-52.4067,
Cotia,Brazil,174828,-23.6039,-46.9192,
Francisco Morato,Brazil,171790,-23.2817,-46.7453,
Aracatuba,Brazil,170024,-21.2089,-50.4328,
Araraquara,Brazil,168468,-21.7944,-48.1756,
Ferraz de Vasconcelos,Brazil,167900,-23.5408,-46.3686,
Arapiraca,Brazil,166562,-9.7525,-36.6611,
Lages,Brazil,164676,-27.8161,-50.3261,
Barra Mansa,Brazil,164052,-22.5442,-44.1714,
Nossa Senhora do Socorro,Brazil,163993,-10.855,-37.1261,
Dourados,Brazil,162202,-22.2211,-54.8056,
Criciuma,Brazil,161954,-28.6775,-49.3697,
Chapeco,Brazil,160157,-27.0964,-52.6183,
Barreiras,Brazil,158292,-12.1528,-44.99,
Sobral,Brazil,157996,-3.68611,-40.3497,
Itajai,Brazil,155716,-26.9078,-48.6619,
Ilheus,Brazil,155499,-14.7936,-39.0395,
Angra dos Reis,Brazil,153635,-23.0067,-44.3181,
Nova Friburgo,Brazil,153361,-22.2819,-42.5311,
Rondonopolis,Brazil,152912,-16.4708,-54.6356,
Itapecerica da Serra,Brazil,151605,-23.7169,-46.8492,
Guarapuava,Brazil,150850,-25.3905,-51.4654,
Parnamirim,Brazil,150343,-5.91556,-35.2628,
Caxias,Brazil,148072,-4.85889,-43.3561,
Nilopolis,Brazil,147281,-22.8075,-43.4139,
Pocos de Caldas,Brazil,146588,-21.7878,-46.5614,
Maraba,Brazil,145860,-5.38146,-49.1323,
Luziania,Brazil,143601,-16.2525,-47.9503,
Cabo,Brazil,143105,-8.28333,-35.0333,
Macae,Brazil,143029,-22.3848,-41.7832,
Ibirite,Brazil,141374,-20.0219,-44.0589,
Lauro de Freitas,Brazil,141280,-12.8944,-38.3272,
Paranagua,Brazil,141013,-25.5163,-48.5254,
Parnaiba,Brazil,138008,-2.90472,-41.7767,
Itu,Brazil,137586,-23.2642,-47.2992,
Castanhal,Brazil,137406,-1.29389,-47.9264,
Sao Caetano do Sul,Brazil,136453,-23.6231,-46.5511,
Queimados,Brazil,135741,-22.7161,-43.5553,
Pindamonhangaba,Brazil,132218,-22.9239,-45.4617,
Sapucaia,Brazil,130937,-29.8333,-51.15,
Jaragua do Sul,Brazil,130130,-26.4861,-49.0667,
Mogi Guacu,Brazil,128865,-22.3677,-46.9455,
Jequie,Brazil,127475,-13.8588,-40.0851,
Itapetininga,Brazil,126243,-23.5917,-48.0531,
Patos de Minas,Brazil,126234,-18.5789,-46.5181,
Braganca Paulista,Brazil,125096,-22.9527,-46.5442,
Timon,Brazil,124427,-5.09417,-42.8367,
Sao Jose dos Pinhais,Brazil,124224,-25.5302,-49.2084,
Teresopolis,Brazil,123979,-22.4167,-42.9782,
Uruguaiana,Brazil,123480,-29.7547,-57.0883,
Porto Seguro,Brazil,123173,-16.4497,-39.0647,
Alagoinhas,Brazil,122688,-12.1356,-38.4192,
Palhoca,Brazil,122423,-27.6453,-48.6678,
Barbacena,Brazil,122211,-21.2258,-43.7736,
Cachoeirinha,Brazil,121084,-29.9511,-51.0939,
Santa Rita,Brazil,119893,-7.11389,-34.9781,
Toledo,Brazil,119313,-24.7136,-53.7431,
Jau,Brazil,119206,-22.2964,-48.5578,
Cubatao,Brazil,118410,-23.895,-46.4253,
Pinhais,Brazil,117000,-25.4447,-49.1925,
Simoes Filho,Brazil,116662,-12.7844,-38.4039,
Varginha,Brazil,116571,-21.5514,-45.4303,
Sinop,Brazil,116013,-11.8642,-55.5025,
Pouso Alegre,Brazil,115201,-22.23,-45.9364,
Eunapolis,Brazil,114275,-16.3775,-39.5803,
Botucatu,Brazil,113862,-22.8858,-48.445,
Jandira,Brazil,113605,-23.5275,-46.9025,
Ribeirao Pires,Brazil,111888,-23.7106,-46.4133,
Conselheiro Lafaiete,Brazil,111596,-20.6603,-43.7861,
Resende,Brazil,111514,-22.4689,-44.4467,
Araucaria,Brazil,111302,-25.5931,-49.4103,
Atibaia,Brazil,110968,-23.1169,-46.5503,
Varzea Paulista,Brazil,110936,-23.2114,-46.8283,
Garanhuns,Brazil,110085,-8.88202,-36.5022,
Araruama,Brazil,109637,-22.8728,-42.3431,
Catanduva,Brazil,109612,-21.1378,-48.9728,
Franco da Rocha,Brazil,108858,-23.3217,-46.7269,
Cabo Frio,Brazil,108239,-22.8872,-42.0262,
Ji Parana,Brazil,107697,-10.8853,-61.9517,
Araras,Brazil,107463,-22.3569,-47.3842,
Poa,Brazil,107432,-23.5281,-46.3447,
Vitoria de Santo Antao,Brazil,107383,-8.11806,-35.2914,
Umuarama,Brazil,107319,-23.7664,-53.325,
Apucarana,Brazil,107085,-23.5508,-51.4608,
Santa Cruz do Sul,Brazil,106113,-29.7175,-52.4258,
Guaratingueta,Brazil,105880,-22.8164,-45.1925,
Linhares,Brazil,105075,-19.3911,-40.0722,
Araguaina,Brazil,105019,-7.19111,-48.2072,
Esmeraldas,Brazil,103206,-19.7625,-44.3139,
Birigui,Brazil,102277,-21.2886,-50.34,
Assis,Brazil,101597,-22.6617,-50.4122,
Barretos,Brazil,101220,-20.5572,-48.5678,
Colatina,Brazil,101190,-19.5394,-40.6306,
Teofilo Otoni,Brazil,101170,-17.8575,-41.5053,
Guaiba,Brazil,101024,-30.1139,-51.325,
Guarapari,Brazil,100925,-20.6718,-40.502,
Coronel Fabriciano,Brazil,100916,-19.5186,-42.6289,
Itaguai,Brazil,100752,-22.8522,-43.7753,
Rio das Ostras,Brazil,100000,-22.5269,-41.945,
Itabira,Brazil,99496,-19.6192,-43.2269,
Votorantim,Brazil,99390,-23.5467,-47.4378,
Sertaozinho,Brazil,99211,-21.1378,-47.9903,
Santana de Parnaiba,Brazil,98989,-23.4442,-46.9178,
Bage,Brazil,98940,-31.3314,-54.1069,
Passos,Brazil,98752,-20.7189,-46.6097,
Salto,Brazil,98387,-23.2008,-47.2869,
Uba,Brazil,97828,-21.12,-42.9428,
Ourinhos,Brazil,97799,-22.9789,-49.8706,
Trindade,Brazil,97521,-16.6494,-49.4889,
Arapongas,Brazil,97512,-23.4194,-51.4244,
Araguari,Brazil,96565,-18.6472,-48.1872,
Corumba,Brazil,96520,-19.0092,-57.6533,
Erechim,Brazil,96087,-27.6346,-52.2754,
Japeri,Brazil,95101,-22.6431,-43.6533,
Vespasiano,Brazil,94749,-19.6919,-43.9233,
Campo Largo,Brazil,94668,-25.4596,-49.5301,
Tatui,Brazil,93580,-23.3556,-47.8569,
Patos,Brazil,92575,-7.02444,-37.28,
Timoteo,Brazil,91722,-19.5811,-42.6495,
Muriae,Brazil,91173,-21.1306,-42.3664,
Cambe,Brazil,91080,-23.2758,-51.2783,
Bayeux,Brazil,91056,-7.125,-34.9322,
Bento Goncalves,Brazil,90852,-29.1714,-51.5192,
Caraguatatuba,Brazil,90843,-23.6203,-45.4131,
Itanhaem,Brazil,90385,-24.1831,-46.7889,
Santana do Livramento,Brazil,89694,-30.8908,-55.5328,
Almirante Tamandare,Brazil,89499,-25.3247,-49.31,
Planaltina,Brazil,88853,-15.4528,-47.6142,
Crato,Brazil,88786,-7.23417,-39.4094,
Valinhos,Brazil,88630,-22.9706,-46.9958,
Sao Lourenco da Mata,Brazil,88416,-8.00222,-35.0183,
Nova Lima,Brazil,88399,-19.9856,-43.8467,
Brusque,Brazil,88284,-27.0979,-48.9128,
Barra do Pirai,Brazil,87668,-22.47,-43.8256,
Alegrete,Brazil,87236,-29.7831,-55.7919,
Caieiras,Brazil,87188,-23.3642,-46.7406,
Barra do Corda,Brazil,86662,-5.50556,-45.2433,
Igarassu,Brazil,86457,-7.83417,-34.9064,
Paulo Afonso,Brazil,85350,-9.40611,-38.2147,
Ituiutaba,Brazil,85345,-18.9743,-49.4621,
Esteio,Brazil,84902,-29.8614,-51.1792,
Sarandi,Brazil,84697,-23.4436,-51.8739,
Itaperuna,Brazil,84435,-21.205,-41.8878,
Santana,Brazil,83927,-0.05833,-51.1817,
Jardim Paulista,Brazil,83667,-23.5667,-46.6644,
Codo,Brazil,83288,-4.45528,-43.8856,
Araxa,Brazil,82595,-19.5933,-46.9406,
Redencao,Brazil,82464,-8.02861,-50.0314,
Abreu e Lima,Brazil,81959,-7.91167,-34.9028,
Itajuba,Brazil,81870,-22.4256,-45.4528,
Lavras,Brazil,81472,-21.2453,-44.9997,
Avare,Brazil,81285,-23.0986,-48.9258,
Formosa,Brazil,81232,-15.5372,-47.3344,
Leme,Brazil,81209,-22.1856,-47.3903,
Cruzeiro do Sul,Brazil,79819,-7.62759,-72.6776,
Itumbiara,Brazil,79582,-18.4192,-49.2153,
Marica,Brazil,79551,-22.9194,-42.8186,
Ubatuba,Brazil,79007,-23.4339,-45.0711,
Tres Lagoas,Brazil,78712,-20.7876,-51.7034,
Sao Joao del Rei,Brazil,78592,-21.1356,-44.2617,
Mogi Mirim,Brazil,78244,-22.4319,-46.9578,
Abaetetuba,Brazil,78050,-1.71806,-48.8825,
Sao Bento do Sul,Brazil,77597,-26.2503,-49.3786,
Itauna,Brazil,77400,-20.0753,-44.5764,
Sao Mateus,Brazil,77117,-18.7201,-39.8589,
Jatai,Brazil,76547,-17.8794,-51.7217,
Sao Joao da Boa Vista,Brazil,76540,-21.9692,-46.7981,
Lorena,Brazil,76506,-22.7308,-45.1247,
Santa Cruz do Capibaribe,Brazil,76450,-7.9575,-36.2047,
Sao Sebastiao,Brazil,76367,-23.76,-45.4097,
Tucurui,Brazil,76337,-3.76585,-49.6792,
Embu Guacu,Brazil,76310,-23.8322,-46.8114,
Sapiranga,Brazil,76051,-29.6381,-51.0069,
Para de Minas,Brazil,75786,-19.8603,-44.6083,
Campo Mourao,Brazil,75401,-24.0431,-52.3793,
Cachoeira do Sul,Brazil,74694,-30.0392,-52.8939,
Santo Antonio de Jesus,Brazil,73957,-12.9689,-39.2614,
Paranavai,Brazil,72848,-23.0731,-52.4653,
Joao Monlevade,Brazil,72762,-19.81,-43.1736,
Matao,Brazil,72468,-21.6033,-48.3658,
Bacabal,Brazil,72372,-4.29167,-44.7917,
Cacapava,Brazil,72340,-23.1008,-45.7069,
Aruja,Brazil,72077,-23.3961,-46.3208,
Cruzeiro,Brazil,72022,-22.5732,-44.9711,
Patrocinio,Brazil,71963,-18.9439,-46.9925,
Tres Rios,Brazil,71944,-22.1167,-43.2092,
Bebedouro,Brazil,71862,-20.9494,-48.4792,
Sao Cristovao,Brazil,71539,-11.0147,-37.2064,
Alfenas,Brazil,71406,-21.4292,-45.9472,
Ijui,Brazil,71202,-28.3878,-53.9147,
Altamira,Brazil,70888,-3.20333,-52.2064,
Paracatu,Brazil,70753,-17.2222,-46.8747,
Carpina,Brazil,70689,-7.85083,-35.2547,
Iguatu,Brazil,70380,-6.35944,-39.2986,
Votuporanga,Brazil,69863,-20.4228,-49.9728,
Paragominas,Brazil,69613,-2.96667,-47.4833,
Lins,Brazil,69451,-21.6786,-49.7425,
Jaboticabal,Brazil,69394,-21.2547,-48.3222,
Vicosa,Brazil,68680,-20.7539,-42.8819,
Sao Sebastiao do Paraiso,Brazil,68654,-20.9169,-46.9914,
Balsas,Brazil,68056,-7.5325,-46.0356,
Itatiba,Brazil,67934,-23.0058,-46.8389,
Santa Ines,Brazil,67424,-3.66667,-45.38,
Tubarao,Brazil,67245,-28.4667,-49.0069,
Pato Branco,Brazil,65754,-26.2286,-52.6706,
Paulinia,Brazil,65595,-22.7611,-47.1542,
Lajeado,Brazil,65407,-29.4669,-51.9614,
Cruz Alta,Brazil,65275,-28.644,-53.6063,
Aquiraz,Brazil,65116,-3.90139,-38.3911,
Itacoatiara,Brazil,64937,-3.14306,-58.4442,
Gurupi,Brazil,64789,-11.7292,-49.0686,
Itaituba,Brazil,64756,-4.27611,-55.9836,
Santo Angelo,Brazil,64606,-28.2992,-54.2631,
Parintins,Brazil,64428,-2.62833,-56.7358,
Curvelo,Brazil,63954,-18.7564,-44.4308,
Itabaiana,Brazil,63888,-10.685,-37.4253,
Cacador,Brazil,63726,-26.7753,-51.015,
Ouro Preto,Brazil,63678,-20.3948,-43.5052,
Caldas Novas,Brazil,63675,-17.7443,-48.6279,
Irece,Brazil,63626,-11.3042,-41.8558,
Catalao,Brazil,63544,-18.1658,-47.9464,
Tres Coracoes,Brazil,63457,-21.6969,-45.2533,
Rio Largo,Brazil,63387,-9.47833,-35.8533,
Valenca,Brazil,63231,-13.3703,-39.0731,
Vilhena,Brazil,63231,-12.7406,-60.1458,
Peruibe,Brazil,63030,-24.32,-46.9983,
Itapeva,Brazil,62957,-23.9822,-48.8756,
Cataguases,Brazil,62618,-21.3892,-42.6967,
Saquarema,Brazil,62056,-22.92,-42.5103,
Tupa,Brazil,62035,-21.9347,-50.5136,
Fernandopolis,Brazil,61931,-20.2839,-50.2464,
Senador Canedo,Brazil,61800,-16.7081,-49.0931,
Itapira,Brazil,61607,-22.4361,-46.8217,
Gravata,Brazil,61249,-8.20111,-35.5647,
Valenca,Brazil,61144,-22.2456,-43.7003,
Pirassununga,Brazil,60413,-21.9961,-47.4258,
Unai,Brazil,60202,-16.3575,-46.9061,
Caratinga,Brazil,60066,-19.7897,-42.1392,
Itapetinga,Brazil,59721,-15.2489,-40.2478,
Mococa,Brazil,59654,-21.4678,-47.0047,
Sao Borja,Brazil,59613,-28.6606,-56.0044,
Carazinho,Brazil,59417,-28.2839,-52.7864,
Santa Rosa,Brazil,58957,-27.8708,-54.4814,
Telemaco Borba,Brazil,58880,-24.3239,-50.6156,
Guanambi,Brazil,58877,-14.2233,-42.7814,
Aracruz,Brazil,58271,-19.8203,-40.2733,
Ariquemes,Brazil,58096,-9.91333,-63.0408,
Farroupilha,Brazil,57650,-29.225,-51.3478,
Francisco Beltrao,Brazil,57618,-26.0811,-53.055,
Picos,Brazil,57495,-7.07694,-41.4669,
Lencois Paulista,Brazil,57375,-22.5986,-48.8003,
Braganca,Brazil,57163,-1.05361,-46.7656,
Arcoverde,Brazil,57163,-8.41889,-37.0539,
Vacaria,Brazil,56765,-28.5122,-50.9339,
Cajamar,Brazil,56682,-23.3561,-46.8769,
Janauba,Brazil,56572,-15.8025,-43.3089,
Vinhedo,Brazil,56492,-23.0297,-46.9753,
Formiga,Brazil,56404,-20.4644,-45.4264,
Cianorte,Brazil,55994,-23.6633,-52.605,
Itapipoca,Brazil,55784,-3.49444,-39.5786,
Ponta Pora,Brazil,55763,-22.5361,-55.7256,
Estancia,Brazil,55654,-11.2683,-37.4383,
Cacoal,Brazil,55560,-11.4386,-61.4472,
Sao Gabriel,Brazil,55434,-30.3364,-54.32,
Concordia,Brazil,55367,-27.2342,-52.0278,
Pacatuba,Brazil,55291,-3.98417,-38.6203,
Viana,Brazil,55122,-20.3903,-40.4961,