c,rb,rs
-4.6556074258422715,0.992677102,0.987307565
-4.64557122745485,0.992688408,1.105162208
-4.646285244280673,0.994077267,0.916425357
-4.637080445740114,1.005303926,0.9974338
-4.633506596654735,1.011945318,1.022930338
-4.631496502346037,1.00995677,0.96519588
-4.6393310816353415,1.008716264,1.124403964
-4.633707735885377,1.000793485,1.102723285
-4.623312873746522,1.005108888,1.047004668
-4.606122839618498,1.001156954,1.021085724
-4.592499992959327,0.979866537,1.096356837
-4.594105921334169,0.99008186,1.07339447
-4.57064161759515,0.971070418,1.018588768
-4.570627706417248,0.99844581,0.994708929
-4.555743938448301,1.001301179,1.126956879
-4.550526804414256,0.989882027,1.003265917
-4.547574240101472,1.003136042,1.035861042
-4.531190064864107,1.001049711,1.017762041
-4.519635999507332,0.997437725,0.978888575
-4.508427305716663,0.999229317,1.079891397
-4.509512339354156,1.002921131,0.981466701
-4.502450975507638,1.004477666,0.962366046
-4.5048156594114594,0.998311134,0.976950294
-4.511834864023374,0.99886155,1.07237344
-4.505694783688423,0.998883817,1.107055517
-4.4990334616581755,1.001301146,1.087724106
-4.486636409985554,1.003424983,1.093642953
-4.47645107885784,1.001986161,1.137020061
-4.467717690943375,1.001056225,1.035208315
-4.460135732975513,1.0018795,1.1116104
-4.454755103395538,1.002344487,1.019704047
-4.43788435125797,1.00310448,1.05790605
-4.4304928553186835,1.001183193,1.074886603
-4.428245834605974,0.9999192611,0.984861358
-4.4242415989261525,0.999430452,0.960637152
-4.415896931665582,1.00443729,1.04362837
-4.413597470097327,0.998391458,0.963433798
-4.4100197720086305,1.003597046,1.073173036
-4.403522422557802,0.998472888,0.892895028
-4.403103765004122,1.003892432,0.942784052
-4.41051146263232,0.993120109,1.059925299
-4.400481482632812,1.000200909,1.085385979
-4.388282642748578,1.004069857,1.114594557
-4.383734412095975,1.005398439,1.113327339
-4.376688428284799,1.000126977,1.018323467
-4.365856085591377,1.007033568,1.057794168
-4.358751533595485,1.004755988,0.970146118
-4.351626788151,1.005751923,1.057932883
-4.35201240217586,1.007248555,0.933717625
-4.344437867805469,0.999037506,1.034477316
-4.350463163512791,1.001623734,0.945105944
-4.347787926508504,1.001135776,1.089538716
-4.342612094152492,1.004238893,1.1352125929999999
-4.331053711599741,1.007486684,1.003881942
-4.331693433027904,1.002461186,1.033236026
-4.31704776050594,1.005598413,1.073960063
-4.309740429501824,1.001728974,0.972956884
-4.302383933145983,1.004098725,0.783681125
-4.2986662611603,1.004490106,1.032796936
-4.294244501459826,1.003780759,1.127687359
-4.294730298289037,1.003904485,1.059447855
-4.290830286903178,1.006811645,1.049367825
-4.280046746904622,1.004597713,1.034975483
-4.276057464283933,1.006287268,1.044675128
-4.2636366365897995,1.003488263,1.056870633
-4.251729025094168,1.005651997,1.034788467
-4.240438881844639,1.004425147,1.034478957
-4.235309250606346,1.006384975,1.012652265
-4.22917803647281,1.005922278,1.030076038
-4.220488225729308,1.00314415,0.97144017
-4.209789016991614,1.004298243,1.075984753
-4.18924121554029,1.004989909,1.037181009
-4.182786409118862,1.001996026,0.968856236
-4.174954385675396,1.002882442,0.952204382
-4.1699521197305796,1.005267521,0.900020911
-4.166696311284937,1.005492341,1.061003341
-4.15968314732551,1.007318396,1.137768996
-4.154376835761422,1.004412637,1.017988517
-4.150726867900153,1.003117257,1.068632617
-4.14835571506424,1.004429337,1.001839315
-4.135867677470062,1.000801244,0.925299044
-4.124214067326781,1.003252996,1.117750996
-4.114261840890498,1.00205029,1.02510469
-4.111590542926189,1.004453919,1.018502899
-4.106100897920703,1.004267468,0.961501318
-4.101698778299348,1.002849328,0.947265668
-4.099461813045028,1.004699857,0.949105227
-4.093819739965397,1.007500899,0.99158285
-4.089340543234876,1.00328023,0.96282838
-4.090590915975177,1.004604331,0.7899698310000001
-4.086186232083147,1.005804832,1.166681832
-4.084212366719192,0.999697541,1.087466351
-4.083457086468004,1.000374025,1.103932125
-4.081490135508679,1.000438757,0.988923117
-4.081321926032994,1.000496757,0.982966506
-4.074223338624289,1.00263241,1.04003281
-4.073466865960882,0.998891545,1.054393635
-4.061729309474289,1.00282605,0.994343222
-4.053634093920663,1.002101435,1.019596985
-4.040241451069559,1.002257262,1.061671722
-4.035073741086294,1.001689063,0.916878343
-4.037022611754995,0.998054941,0.907849031
-4.036246310168478,1.000225404,1.053563864
-4.039732805027899,0.995979795,0.873476395
-4.049694671453867,0.988327458,0.946797718
-4.04982688356291,0.992636438,0.878543618
-4.050317552454664,0.995818348,0.730246248
-4.05421597285164,0.99595296,1.07274491
-4.051880364855367,0.995089207,1.219587907
-4.04169727489684,1.000588848,1.148442448
-4.040704065670079,0.995907291,0.864073391
-4.0373308755212856,0.997321365,1.066535655
-4.028026232134553,1.000874967,1.148356967
-4.023469950319691,1.00477982,1.01798946
-4.017769039833221,0.99715553,1.0030525
-4.00907744557045,0.995869624,1.025662684
-4.006291982472242,0.992646415,0.915154295
-4.0077083105831885,0.994153946,1.023840956
-4.002661808123991,0.999697935,0.956127945
-3.993531641216127,1.000091864,0.991709021
-3.9862395680929885,0.999253711,0.944283111
-3.978106345851491,0.995598495,1.068142585
-3.9756642225966954,1.001485419,1.071092619
-3.9727085853524886,1.003081105,0.921888485
-3.969009739888196,1.005141515,1.061274465
-3.968951463357041,0.995275832,1.008762642
-3.967082805252683,0.998367946,1.051605716
-3.965011841697928,1.004892491,0.984443543
-3.968625632569669,1.00848906,0.91490336
-3.981041466528223,0.993891081,1.123633581
-3.9779524668080732,1.002935473,1.0987404729999999
-3.969910838170569,1.013778305,1.066434435
-3.9739126113747445,1.004419009,0.986854869
-3.970813703660906,1.021111088,0.968031838
-3.974074594878794,1.020025695,0.875396995
-3.9757703729436273,1.011569683,1.059639503
-3.975463942464915,1.018780966,0.909111946
-3.9746643406947997,1.021723357,0.982061501
-3.969687553214627,1.002745118,1.098165318
-3.957999982820713,1.008037286,1.174986986
-3.9503553932592252,1.012495999,1.093185799
-3.9401930823951625,1.012302233,1.107636333
-3.928343564167737,1.008239722,0.984475173
-3.920345642693546,1.015759609,0.991900743
-3.920391322325556,1.011408954,0.958158814
-3.9103494565925287,1.014068117,0.965266227
-3.9036771789256934,1.017841245,1.088191565
-3.8960781529227697,1.013588721,1.012252621
-3.8838469548637216,1.01032603,1.08605057
-3.87748100888107,1.009106722,1.067738262
-3.8679129664555623,1.010480454,0.948537424
-3.86229152253347,1.009115324,1.159026924
-3.8612553691746276,1.007561273,1.132909973
-3.857398181752254,1.015361063,1.053189383
-3.85398940800643,1.005759182,0.926344622
-3.84686954840241,1.006443629,1.037519239
-3.838998033793551,1.002651488,1.192512488
-3.832651030337733,1.005435622,1.030478152
-3.828693857865169,1.005632241,1.052163981
-3.823517927898152,1.005283221,0.764888921
-3.814781056328545,1.003980287,1.0602750969999999
-3.808991800509453,1.004023248,1.052815088
-3.7997614518036746,1.005345764,0.990805022
-3.7928716175039985,1.00980955,1.01722688
-3.790369956830286,1.0092266,1.05742983
-3.78914554618951,1.00558766,1.07042324
-3.7840374375007233,1.012334829,1.094299129
-3.7760843189120337,1.010021624,1.004210544
-3.78194014591461,1.003421919,0.950957949
-3.7743732922392614,1.0071236,1.04214687
-3.7703614337092413,1.004265032,0.850953232
-3.776924616184365,1.002825524,1.071078654
-3.7800451939861537,1.007418635,1.137631435
-3.772868986931704,1.007949724,0.993093998
-3.7723709386543076,1.005641073,1.049515073
-3.773685163559446,1.001741277,1.072180847
-3.7624681272805662,1.001257919,0.972321699
-3.7590373611341663,1.002458933,1.006000613
-3.753263277884429,0.999526215,1.022926975
-3.746079167630234,1.000947525,1.049545765
-3.745745171970005,1.001566,1.04100166
-3.745163751281674,1.001024222,0.99914432
-3.7344400748772064,1.004148299,1.027917309
-3.7306825547614495,1.00245674,1.01486875
-3.7237988615601267,1.004670552,0.957593462
-3.7194978495261024,1.004948297,0.994306518
-3.715591875144725,1.0023815,1.03944634
-3.7120403284145977,1.009136228,0.986205457
-3.708836518134853,1.009322256,1.085258436
-3.7031004143370745,1.007198233,1.077016933
-3.699879978627473,1.007876967,1.077202187
-3.6974234099761842,1.007771113,1.050989213
-3.691024152335877,1.005493736,1.051731816
-3.6858084943415377,1.004357189,1.029420619
-3.682576241164825,1.007647036,1.023448586
-3.678966312071075,1.004122324,1.065569134
-3.6753934405659097,1.007069017,1.012469087
-3.6717857868566246,1.008736917,1.160324517
-3.66218922832594,1.008315171,1.078144171
-3.6568010326640037,1.008330385,1.026899155
-3.6471910957952005,1.010594715,1.124351315
-3.6381494963706817,1.009546311,1.012820231
-3.631253431842076,1.006630613,0.867015213
-3.6273926722995595,1.005754305,1.189435305
-3.619114763222892,1.007116223,1.012201933
-3.61089478891158,1.003236441,1.068846201
-3.605032655792246,1.004811123,0.907706473
-3.5948684451394133,1.005361222,1.094611422
-3.598792893684837,1.003510817,0.995939122
-3.590909469274724,1.008438035,0.989140482
-3.585226211016875,1.008770993,1.036502633
-3.5789312261198347,1.008916375,0.987984918
-3.5791818173778123,1.00122632,0.89821973
-3.579196441919062,1.000338037,1.041849247
-3.578458921959506,1.003967441,0.877686841
-3.5738394838905716,1.002046945,1.087971215
-3.570682139838347,1.000693687,1.016585817
-3.567789075971493,0.99560028,0.88496248
-3.568408797792177,0.998337715,0.834343215
-3.565583606412248,0.997333072,1.062030802
-3.567032969902794,0.992488986,0.952951486
-3.56527835404335,0.998912555,1.157939455
-3.557759406446244,0.994346647,1.015192917
-3.5550399189701967,0.996771582,1.122753982
-3.5443165677787434,0.992066685,1.025422485
-3.5394573650426437,0.993101274,0.99665879
-3.5344988692882864,0.998095604,0.992642304
-3.5278811642027197,0.997057008,1.085320648
-3.5236393583496297,1.000663502,0.986994218
-3.5187167845727054,0.998523773,1.012290273
-3.51402907049237,0.996017263,1.033717493
-3.510907208543307,1.001163648,1.013463628
-3.5059171026727323,1.00532985,1.0500210700000001
-3.501679980391295,1.000377173,0.98209101
-3.4990674872824004,1.005057705,1.037812005
-3.491831169850087,1.014024135,1.074967115
