DATE,UNRATE,USREC,UMCSENT,CPILFESL,INDPRO,M0892AUSM156SNBR
1919-01-01,,1,,,4.8739,
1919-02-01,,1,,,4.6585,
1919-03-01,,1,,,4.5238,
1919-04-01,,0,,,4.6046,
1919-05-01,,0,,,4.6315,
1919-06-01,,0,,,4.9277,
1919-07-01,,0,,,5.2239,
1919-08-01,,0,,,5.3047,
1919-09-01,,0,,,5.197,
1919-10-01,,0,,,5.1432,
1919-11-01,,0,,,5.0624,
1919-12-01,,0,,,5.1432,
1920-01-01,,0,,,5.6279,
1920-02-01,,1,,,5.6279,
1920-03-01,,1,,,5.5201,
1920-04-01,,1,,,5.2239,
1920-05-01,,1,,,5.3586,
1920-06-01,,1,,,5.4124,
1920-07-01,,1,,,5.2778,
1920-08-01,,1,,,5.3047,
1920-09-01,,1,,,5.1162,
1920-10-01,,1,,,4.9008,
1920-11-01,,1,,,4.4969,
1920-12-01,,1,,,4.2276,
1921-01-01,,1,,,3.9853,
1921-02-01,,1,,,3.9045,
1921-03-01,,1,,,3.7968,
1921-04-01,,1,,,3.7968,
1921-05-01,,1,,,3.9045,
1921-06-01,,1,,,3.8776,
1921-07-01,,1,,,3.8506,
1921-08-01,,0,,,3.9853,
1921-09-01,,0,,,4.0122,
1921-10-01,,0,,,4.2545,
1921-11-01,,0,,,4.2007,
1921-12-01,,0,,,4.1738,
1922-01-01,,0,,,4.3353,
1922-02-01,,0,,,4.5238,
1922-03-01,,0,,,4.7662,
1922-04-01,,0,,,4.6046,
1922-05-01,,0,,,4.847,
1922-06-01,,0,,,5.0893,
1922-07-01,,0,,,5.0893,
1922-08-01,,0,,,4.9816,
1922-09-01,,0,,,5.2509,
1922-10-01,,0,,,5.5471,
1922-11-01,,0,,,5.7894,
1922-12-01,,0,,,5.951,
1923-01-01,,0,,,5.8163,
1923-02-01,,0,,,5.8971,
1923-03-01,,0,,,6.0856,
1923-04-01,,0,,,6.2203,
1923-05-01,,0,,,6.301,
1923-06-01,,1,,,6.2472,
1923-07-01,,1,,,6.1933,
1923-08-01,,1,,,6.0856,
1923-09-01,,1,,,5.951,
1923-10-01,,1,,,5.9241,
1923-11-01,,1,,,5.9241,
1923-12-01,,1,,,5.7894,
1924-01-01,,1,,,5.924,
1924-02-01,,1,,,6.0318,
1924-03-01,,1,,,5.9241,
1924-04-01,,1,,,5.7356,
1924-05-01,,1,,,5.4932,
1924-06-01,,1,,,5.2509,
1924-07-01,,1,,,5.1701,
1924-08-01,,0,,,5.3586,
1924-09-01,,0,,,5.5471,
1924-10-01,,0,,,5.6817,
1924-11-01,,0,,,5.7894,
1924-12-01,,0,,,5.951,
1925-01-01,,0,,,6.1395,
1925-02-01,,0,,,6.1395,
1925-03-01,,0,,,6.1395,
1925-04-01,,0,,,6.1933,
1925-05-01,,0,,,6.1664,
1925-06-01,,0,,,6.1125,
1925-07-01,,0,,,6.2741,
1925-08-01,,0,,,6.1664,
1925-09-01,,0,,,6.0856,
1925-10-01,,0,,,6.328,
1925-11-01,,0,,,6.4626,
1925-12-01,,0,,,6.5434,
1926-01-01,,0,,,6.4357,
1926-02-01,,0,,,6.4357,
1926-03-01,,0,,,6.5165,
1926-04-01,,0,,,6.5165,
1926-05-01,,0,,,6.4626,
1926-06-01,,0,,,6.5434,
1926-07-01,,0,,,6.5703,
1926-08-01,,0,,,6.6511,
1926-09-01,,0,,,6.7588,
1926-10-01,,0,,,6.7588,
1926-11-01,,1,,,6.7319,
1926-12-01,,1,,,6.705,
1927-01-01,,1,,,6.678,
1927-02-01,,1,,,6.7319,
1927-03-01,,1,,,6.8127,
1927-04-01,,1,,,6.6511,
1927-05-01,,1,,,6.705,
1927-06-01,,1,,,6.678,
1927-07-01,,1,,,6.5972,
1927-08-01,,1,,,6.5972,
1927-09-01,,1,,,6.4895,
1927-10-01,,1,,,6.3549,
1927-11-01,,1,,,6.3549,
1927-12-01,,0,,,6.3818,
1928-01-01,,0,,,6.5165,
1928-02-01,,0,,,6.5703,
1928-03-01,,0,,,6.6242,
1928-04-01,,0,,,6.5972,
1928-05-01,,0,,,6.678,
1928-06-01,,0,,,6.7319,
1928-07-01,,0,,,6.8127,
1928-08-01,,0,,,6.9473,
1928-09-01,,0,,,7.0012,
1928-10-01,,0,,,7.1358,
1928-11-01,,0,,,7.2704,
1928-12-01,,0,,,7.4051,
1929-01-01,,0,,,7.5128,
1929-02-01,,0,,,7.4858,
1929-03-01,,0,,,7.5128,
1929-04-01,,0,,,7.6474,0.69
1929-05-01,,0,,,7.7821,1.65
1929-06-01,,0,,,7.8359,2.06
1929-07-01,,0,,,7.9436,0.79
1929-08-01,,0,,,7.8628,0.04
1929-09-01,,1,,,7.809,0.91
1929-10-01,,1,,,7.6743,2.31
1929-11-01,,1,,,7.2974,1.89
1929-12-01,,1,,,6.9742,2.08
1930-01-01,,1,,,6.9742,2.21
1930-02-01,,1,,,6.9473,3.12
1930-03-01,,1,,,6.8396,3.63
1930-04-01,,1,,,6.7857,3.6
1930-05-01,,1,,,6.678,3.39
1930-06-01,,1,,,6.4895,3.77
1930-07-01,,1,,,6.1933,5.02
1930-08-01,,1,,,6.0587,6.64
1930-09-01,,1,,,5.951,7.79
1930-10-01,,1,,,5.7894,9.01
1930-11-01,,1,,,5.6548,10.78
1930-12-01,,1,,,5.5201,11.89
1931-01-01,,1,,,5.4932,11.18
1931-02-01,,1,,,5.5201,11.67
1931-03-01,,1,,,5.6279,11.78
1931-04-01,,1,,,5.6548,11.94
1931-05-01,,1,,,5.574,12.3
1931-06-01,,1,,,5.4394,13.02
1931-07-01,,1,,,5.3586,13.84
1931-08-01,,1,,,5.1701,15.01
1931-09-01,,1,,,4.9277,15.83
1931-10-01,,1,,,4.7392,16.75
1931-11-01,,1,,,4.6854,17.95
1931-12-01,,1,,,4.6585,19.1
1932-01-01,,1,,,4.5238,18.04
1932-02-01,,1,,,4.4161,18.66
1932-03-01,,1,,,4.3623,19.78
1932-04-01,,1,,,4.0661,21.03
1932-05-01,,1,,,3.9314,22.34
1932-06-01,,1,,,3.7968,23.72
1932-07-01,,1,,,3.6891,24.54
1932-08-01,,1,,,3.7968,25.02
1932-09-01,,1,,,4.0391,24.85
1932-10-01,,1,,,4.1738,24.82
1932-11-01,,1,,,4.1738,24.67
1932-12-01,,1,,,4.093,25.2
1933-01-01,,1,,,4.0122,23.72
1933-02-01,,1,,,4.0391,24.03
1933-03-01,,1,,,3.7968,25.36
1933-04-01,,0,,,4.0661,25.49
1933-05-01,,0,,,4.7392,25.59
1933-06-01,,0,,,5.4663,25.04
1933-07-01,,0,,,5.9779,23.84
1933-08-01,,0,,,5.7356,22.45
1933-09-01,,0,,,5.4124,21.48
1933-10-01,,0,,,5.1432,21.26
1933-11-01,,0,,,4.847,21.29
1933-12-01,,0,,,4.8739,21.07
1934-01-01,,0,,,5.0354,18.8
1934-02-01,,0,,,5.2778,17.9
1934-03-01,,0,,,5.5201,16.81
1934-04-01,,0,,,5.5201,16.64
1934-05-01,,0,,,5.6278,16.96
1934-06-01,,0,,,5.5201,17.69
1934-07-01,,0,,,5.1432,18.79
1934-08-01,,0,,,5.0893,20.27
1934-09-01,,0,,,4.7931,21.51
1934-10-01,,0,,,5.0085,21.54
1934-11-01,,0,,,5.0624,21.41
1934-12-01,,0,,,5.3855,20.44
1935-01-01,,0,,,5.8163,17.88
1935-02-01,,0,,,5.9241,17.5
1935-03-01,,0,,,5.8971,17.54
1935-04-01,,0,,,5.7894,17.55
1935-05-01,,0,,,5.7894,17.77
1935-06-01,,0,,,5.8702,18.14
1935-07-01,,0,,,5.8702,17.72
1935-08-01,,0,,,6.0856,17.77
1935-09-01,,0,,,6.2472,18.41
1935-10-01,,0,,,6.4357,17.45
1935-11-01,,0,,,6.5703,16.8
1935-12-01,,0,,,6.6511,16.44
1936-01-01,,0,,,6.5434,14.96
1936-02-01,,0,,,6.3818,15.1
1936-03-01,,0,,,6.4626,14.86
1936-04-01,,0,,,6.8665,15.57
1936-05-01,,0,,,7.0012,14.67
1936-06-01,,0,,,7.1358,14.85
1936-07-01,,0,,,7.2704,14.25
1936-08-01,,0,,,7.3781,13.46
1936-09-01,,0,,,7.5128,13.31
1936-10-01,,0,,,7.6205,13.81
1936-11-01,,0,,,7.8359,13.24
1936-12-01,,0,,,8.0783,12.78
1937-01-01,,0,,,8.0513,12.11
1937-02-01,,0,,,8.159,11.99
1937-03-01,,0,,,8.3475,11.73
1937-04-01,,0,,,8.3475,11.85
1937-05-01,,0,,,8.3745,11.23
1937-06-01,,1,,,8.2667,11.5
1937-07-01,,1,,,8.3206,10.97
1937-08-01,,1,,,8.2667,11.14
1937-09-01,,1,,,7.9975,11.63
1937-10-01,,1,,,7.4051,12.19
1937-11-01,,1,,,6.678,13.7
1937-12-01,,1,,,6.0856,15.91
1938-01-01,,1,,,5.951,16.88
1938-02-01,,1,,,5.8971,17.88
1938-03-01,,1,,,5.8971,18.49
1938-04-01,,1,,,5.7894,18.96
1938-05-01,,1,,,5.6548,19.74
1938-06-01,,1,,,5.7086,20.0
1938-07-01,,0,,,6.0318,19.58
1938-08-01,,0,,,6.3549,19.18
1938-09-01,,0,,,6.5434,18.6
1938-10-01,,0,,,6.705,18.22
1938-11-01,,0,,,6.9742,17.14
1938-12-01,,0,,,7.055,16.36
1939-01-01,,0,,,7.055,17.61
1939-02-01,,0,,,7.1089,17.43
1939-03-01,,0,,,7.1358,17.19
1939-04-01,,0,,,7.1089,17.39
1939-05-01,,0,,,7.0819,16.9
1939-06-01,,0,,,7.2435,16.29
1939-07-01,,0,,,7.4589,16.18
1939-08-01,,0,,,7.5666,15.79
1939-09-01,,0,,,8.0244,15.22
1939-10-01,,0,,,8.4283,15.48
1939-11-01,,0,,,8.6437,15.49
1939-12-01,,0,,,8.6437,15.19
1940-01-01,,0,,,8.536,15.53
1940-02-01,,0,,,8.2667,15.67
1940-03-01,,0,,,8.0783,15.66
1940-04-01,,0,,,8.2398,16.0
1940-05-01,,0,,,8.4822,15.57
1940-06-01,,0,,,8.7514,14.96
1940-07-01,,0,,,8.8592,14.24
1940-08-01,,0,,,8.913,13.35
1940-09-01,,0,,,9.1015,12.55
1940-10-01,,0,,,9.2361,12.26
1940-11-01,,0,,,9.4516,11.65
1940-12-01,,0,,,9.7747,10.85
1941-01-01,,0,,,10.017,10.49
1941-02-01,,0,,,10.3132,9.64
1941-03-01,,0,,,10.6364,9.1
1941-04-01,,0,,,10.6633,7.98
1941-05-01,,0,,,11.148,6.84
1941-06-01,,0,,,11.2288,5.66
1941-07-01,,0,,,11.3634,3.88
1941-08-01,,0,,,11.4981,3.36
1941-09-01,,0,,,11.4981,3.43
1941-10-01,,0,,,11.6058,4.13
1941-11-01,,0,,,11.6596,3.93
1941-12-01,,0,,,11.8481,3.58
1942-01-01,,0,,,12.0905,3.72
1942-02-01,,0,,,12.3059,3.56
1942-03-01,,0,,,12.4405,3.22
1942-04-01,,0,,,12.0905,2.33
1942-05-01,,0,,,12.1174,1.22
1942-06-01,,0,,,12.1443,0.24
1942-07-01,,0,,,12.4405,
1942-08-01,,0,,,12.8175,
1942-09-01,,0,,,13.1137,
1942-10-01,,0,,,13.5445,
1942-11-01,,0,,,13.8677,
1942-12-01,,0,,,14.1908,
1943-01-01,,0,,,14.3255,
1943-02-01,,0,,,14.7024,
1943-03-01,,0,,,14.8102,
1943-04-01,,0,,,14.9986,
1943-05-01,,0,,,15.1063,
1943-06-01,,0,,,15.0256,
1943-07-01,,0,,,15.4833,
1943-08-01,,0,,,15.8064,
1943-09-01,,0,,,16.2104,
1943-10-01,,0,,,16.4527,
1943-11-01,,0,,,16.6681,
1943-12-01,,0,,,16.4527,
1944-01-01,,0,,,16.6412,
1944-02-01,,0,,,16.7758,
1944-03-01,,0,,,16.7489,
1944-04-01,,0,,,16.7489,
1944-05-01,,0,,,16.6412,
1944-06-01,,0,,,16.5874,
1944-07-01,,0,,,16.5604,
1944-08-01,,0,,,16.7758,
1944-09-01,,0,,,16.6681,
1944-10-01,,0,,,16.722,
1944-11-01,,0,,,16.5873,
1944-12-01,,0,,,16.5335,
1945-01-01,,0,,,16.3719,
1945-02-01,,0,,,16.3181,
1945-03-01,,1,,,16.2104,
1945-04-01,,1,,,15.9142,
1945-05-01,,1,,,15.4833,
1945-06-01,,1,,,15.1333,
1945-07-01,,1,,,14.7832,
1945-08-01,,1,,,13.2483,
1945-09-01,,1,,,12.0635,
1945-10-01,,1,,,11.5788,
1945-11-01,,0,,,12.0097,
1945-12-01,,0,,,12.0635,
1946-01-01,,0,,,11.3903,
1946-02-01,,0,,,10.8249,
1946-03-01,,0,,,11.9558,
1946-04-01,,0,,,11.7404,
1946-05-01,,0,,,11.3096,
1946-06-01,,0,,,12.0097,
1946-07-01,,0,,,12.4136,
1946-08-01,,0,,,12.8714,
1946-09-01,,0,,,13.1137,
1946-10-01,,0,,,13.356,
1946-11-01,,0,,,13.4368,
1946-12-01,,0,,,13.5176,
1947-01-01,,0,,,13.6792,
1947-02-01,,0,,,13.76,
1947-03-01,,0,,,13.8407,
1947-04-01,,0,,,13.733,
1947-05-01,,0,,,13.7869,
1947-06-01,,0,,,13.7869,
1947-07-01,,0,,,13.7061,
1947-08-01,,0,,,13.7869,
1947-09-01,,0,,,13.8946,
1947-10-01,,0,,,14.0292,
1947-11-01,,0,,,14.2177,
1947-12-01,,0,,,14.2716,
1948-01-01,3.4,0,,,14.3524,
1948-02-01,3.8,0,,,14.3793,
1948-03-01,4.0,0,,,14.2177,
1948-04-01,3.9,0,,,14.2447,
1948-05-01,3.5,0,,,14.487,
1948-06-01,3.6,0,,,14.6755,
1948-07-01,3.6,0,,,14.6755,
1948-08-01,3.9,0,,,14.6216,
1948-09-01,3.8,0,,,14.5139,
1948-10-01,3.7,0,,,14.6217,
1948-11-01,3.8,0,,,14.4332,
1948-12-01,4.0,1,,,14.2985,
1949-01-01,4.3,1,,,14.1639,
1949-02-01,4.7,1,,,14.0292,
1949-03-01,5.0,1,,,13.76,
1949-04-01,5.3,1,,,13.6792,
1949-05-01,6.1,1,,,13.4907,
1949-06-01,6.2,1,,,13.4638,
1949-07-01,6.7,1,,,13.4368,
1949-08-01,6.8,1,,,13.5715,
1949-09-01,6.6,1,,,13.7061,
1949-10-01,7.9,1,,,13.1945,
1949-11-01,6.4,0,,,13.5446,
1949-12-01,6.6,0,,,13.7869,
1950-01-01,6.5,0,,,14.0292,
1950-02-01,6.4,0,,,14.0831,
1950-03-01,6.3,0,,,14.5409,
1950-04-01,5.8,0,,,15.0255,
1950-05-01,5.5,0,,,15.3756,
1950-06-01,5.4,0,,,15.8334,
1950-07-01,5.0,0,,,16.345,
1950-08-01,4.5,0,,,16.8566,
1950-09-01,4.4,0,,,16.7489,
1950-10-01,4.2,0,,,16.8566,
1950-11-01,4.2,0,,,16.8297,
1950-12-01,4.3,0,,,17.1259,
1951-01-01,3.7,0,,,17.1797,
1951-02-01,3.4,0,,,17.2875,
1951-03-01,3.4,0,,,17.3682,
1951-04-01,3.1,0,,,17.3952,
1951-05-01,3.0,0,,,17.3413,
1951-06-01,3.2,0,,,17.2605,
1951-07-01,3.1,0,,,16.9913,
1951-08-01,3.1,0,,,16.8297,
1951-09-01,3.3,0,,,16.9374,
1951-10-01,3.5,0,,,16.9105,
1951-11-01,3.5,0,,,17.0451,
1951-12-01,3.1,0,,,17.1528,
1952-01-01,3.2,0,,,17.3413,
1952-02-01,3.1,0,,,17.449,
1952-03-01,2.9,0,,,17.5029,
1952-04-01,2.9,0,,,17.3413,
1952-05-01,3.0,0,,,17.1798,
1952-06-01,3.0,0,,,17.0182,
1952-07-01,3.2,0,,,16.7489,
1952-08-01,3.4,0,,,17.826,
1952-09-01,3.1,0,,,18.4723,
1952-10-01,3.0,0,,,18.6608,
1952-11-01,2.8,0,86.2,,19.0378,
1952-12-01,2.7,0,,,19.1455,
1953-01-01,2.9,0,,,19.1993,
1953-02-01,2.6,0,90.7,,19.307,
1953-03-01,2.6,0,,,19.4686,
1953-04-01,2.7,0,,,19.5494,
1953-05-01,2.5,0,,,19.6571,
1953-06-01,2.5,0,,,19.5763,
1953-07-01,2.6,0,,,19.8187,
1953-08-01,2.7,1,80.8,,19.7109,
1953-09-01,2.9,1,,,19.307,
1953-10-01,3.1,1,,,19.1455,
1953-11-01,3.5,1,80.7,,18.6877,
1953-12-01,4.5,1,,,18.2299,
1954-01-01,4.9,1,,,18.0953,
1954-02-01,5.2,1,82.0,,18.1492,
1954-03-01,5.7,1,,,18.0414,
1954-04-01,5.9,1,,,17.9337,
1954-05-01,5.9,1,82.9,,18.0414,
1954-06-01,5.6,0,,,18.0953,
1954-07-01,5.8,0,,,18.1222,
1954-08-01,6.0,0,,,18.0953,
1954-09-01,6.1,0,,,18.1222,
1954-10-01,5.7,0,,,18.3377,
1954-11-01,5.3,0,87.0,,18.6338,
1954-12-01,5.0,0,,,18.8762,
1955-01-01,4.9,0,,,19.307,
1955-02-01,4.7,0,95.9,,19.5494,
1955-03-01,4.6,0,,,20.0071,
1955-04-01,4.7,0,,,20.2495,
1955-05-01,4.3,0,99.1,,20.5726,
1955-06-01,4.2,0,,,20.5996,
1955-07-01,4.0,0,,,20.7611,
1955-08-01,4.2,0,,,20.7342,
1955-09-01,4.1,0,,,20.8688,
1955-10-01,4.3,0,,,21.2189,
1955-11-01,4.2,0,99.7,,21.2727,
1955-12-01,4.2,0,,,21.3535,
1956-01-01,4.0,0,,,21.4882,
1956-02-01,3.9,0,,,21.2997,
1956-03-01,4.2,0,,,21.2997,
1956-04-01,4.0,0,,,21.4612,
1956-05-01,4.3,0,98.2,,21.2728,
1956-06-01,4.3,0,,,21.0843,
1956-07-01,4.4,0,,,20.438,
1956-08-01,4.1,0,99.9,,21.2727,
1956-09-01,3.9,0,,,21.7574,
1956-10-01,3.9,0,,,21.9459,
1956-11-01,4.3,0,100.2,,21.7574,
1956-12-01,4.2,0,,,22.0806,
1957-01-01,4.2,0,,28.5,21.9998,
1957-02-01,3.9,0,,28.6,22.2152,
1957-03-01,3.7,0,,28.7,22.1883,
1957-04-01,3.9,0,,28.8,21.8921,
1957-05-01,4.1,0,92.9,28.8,21.8113,
1957-06-01,4.3,0,,28.9,21.8652,
1957-07-01,4.2,0,,29.0,21.9998,
1957-08-01,4.1,0,,29.0,21.9998,
1957-09-01,4.4,1,,29.1,21.8113,
1957-10-01,4.5,1,,29.2,21.4882,
1957-11-01,5.1,1,83.7,29.3,20.9765,
1957-12-01,5.2,1,,29.3,20.5726,
1958-01-01,5.8,1,,29.3,20.1956,
1958-02-01,6.4,1,78.5,29.4,19.7648,
1958-03-01,6.7,1,,29.5,19.5225,
1958-04-01,7.4,1,,29.5,19.1993,
1958-05-01,7.4,0,80.9,29.5,19.3878,
1958-06-01,7.3,0,,29.6,19.8994,
1958-07-01,7.5,0,,29.6,20.1956,
1958-08-01,7.4,0,,29.6,20.5995,
1958-09-01,7.1,0,,29.7,20.7881,
1958-10-01,6.7,0,,29.7,21.0304,
1958-11-01,6.2,0,90.8,29.8,21.6497,
1958-12-01,6.2,0,,29.9,21.6767,
1959-01-01,6.0,0,,29.9,21.9998,
1959-02-01,5.9,0,,29.9,22.4306,
1959-03-01,5.6,0,,30.0,22.7538,
1959-04-01,5.2,0,,30.0,23.2384,
1959-05-01,5.1,0,95.3,30.1,23.5885,
1959-06-01,5.0,0,,30.2,23.6155,
1959-07-01,5.1,0,,30.2,23.05,
1959-08-01,5.2,0,,30.2,22.2691,
1959-09-01,5.5,0,,30.3,22.2421,
1959-10-01,5.7,0,,30.4,22.0806,
1959-11-01,5.8,0,93.8,30.4,22.2152,
1959-12-01,5.3,0,,30.5,23.5885,
1960-01-01,5.2,0,,30.5,24.2078,
1960-02-01,4.8,0,100.0,30.6,23.9924,
1960-03-01,5.4,0,,30.6,23.777,
1960-04-01,5.2,0,,30.6,23.5885,
1960-05-01,5.1,1,93.3,30.6,23.5616,
1960-06-01,5.4,1,,30.7,23.2654,
1960-07-01,5.5,1,,30.6,23.1846,
1960-08-01,5.6,1,97.2,30.6,23.1577,
1960-09-01,5.5,1,,30.6,22.9153,
1960-10-01,6.1,1,,30.8,22.8884,
1960-11-01,6.1,1,90.1,30.8,22.5653,
1960-12-01,6.6,1,,30.7,22.1344,
1961-01-01,6.6,1,,30.8,22.1613,
1961-02-01,6.9,1,91.6,30.8,22.1344,
1961-03-01,6.9,0,,30.9,22.2691,
1961-04-01,7.0,0,,30.9,22.7268,
1961-05-01,7.1,0,92.5,30.9,23.0769,
1961-06-01,6.9,0,,31.0,23.4,
1961-07-01,7.0,0,,31.0,23.6693,
1961-08-01,6.6,0,99.2,31.1,23.8847,
1961-09-01,6.7,0,,31.1,23.8578,
1961-10-01,6.5,0,,31.1,24.3156,
1961-11-01,6.1,0,93.0,31.2,24.6926,
1961-12-01,6.0,0,,31.2,24.908,
1962-01-01,5.8,0,,31.2,24.6925,
1962-02-01,5.5,0,99.9,31.2,25.0964,
1962-03-01,5.6,0,,31.3,25.2311,
1962-04-01,5.6,0,,31.3,25.285,
1962-05-01,5.5,0,95.4,31.4,25.258,
1962-06-01,5.5,0,,31.4,25.2042,
1962-07-01,5.4,0,,31.4,25.4465,
1962-08-01,5.7,0,91.6,31.5,25.4734,
1962-09-01,5.6,0,,31.5,25.635,
1962-10-01,5.4,0,,31.5,25.6619,
1962-11-01,5.7,0,95.0,31.5,25.7696,
1962-12-01,5.5,0,,31.6,25.7696,
1963-01-01,5.7,0,,31.5,25.9581,
1963-02-01,5.9,0,98.4,31.6,26.2544,
1963-03-01,5.7,0,,31.7,26.4159,
1963-04-01,5.7,0,,31.7,26.6582,
1963-05-01,5.9,0,91.7,31.7,26.9814,
1963-06-01,5.6,0,,31.8,27.0622,
1963-07-01,5.6,0,,31.8,26.9545,
1963-08-01,5.4,0,96.4,31.9,27.0083,
1963-09-01,5.5,0,,31.9,27.2776,
1963-10-01,5.5,0,,32.0,27.4661,
1963-11-01,5.7,0,94.4,32.0,27.6007,
1963-12-01,5.5,0,,32.1,27.5469,
1964-01-01,5.6,0,,32.2,27.7892,
1964-02-01,5.4,0,99.5,32.2,27.9777,
1964-03-01,5.4,0,,32.2,27.9777,
1964-04-01,5.3,0,,32.2,28.4355,
1964-05-01,5.1,0,98.5,32.2,28.597,
1964-06-01,5.2,0,,32.3,28.6778,
1964-07-01,4.9,0,,32.3,28.8663,
1964-08-01,5.0,0,100.6,32.3,29.0548,
1964-09-01,5.1,0,,32.3,29.1625,
1964-10-01,5.1,0,,32.4,28.7586,
1964-11-01,4.8,0,99.9,32.5,29.6472,
1964-12-01,5.0,0,,32.5,29.9973,
1965-01-01,4.9,0,,32.6,30.3204,
1965-02-01,5.1,0,102.0,32.6,30.5089,
1965-03-01,4.7,0,,32.6,30.9128,
1965-04-01,4.8,0,,32.7,31.0474,
1965-05-01,4.6,0,105.4,32.7,31.2898,
1965-06-01,4.6,0,,32.7,31.5321,
1965-07-01,4.4,0,,32.7,31.8283,
1965-08-01,4.4,0,103.4,32.7,31.963,
1965-09-01,4.3,0,,32.8,32.0438,
1965-10-01,4.2,0,,32.8,32.3669,
1965-11-01,4.1,0,102.9,32.9,32.5015,
1965-12-01,4.0,0,,33.0,32.9054,
1966-01-01,4.0,0,,33.0,33.2286,
1966-02-01,3.8,0,100.0,33.1,33.444,
1966-03-01,3.8,0,,33.1,33.9018,
1966-04-01,3.8,0,,33.3,33.9556,
1966-05-01,3.9,0,95.7,33.4,34.2787,
1966-06-01,3.8,0,,33.5,34.4403,
1966-07-01,3.8,0,,33.6,34.6288,
1966-08-01,3.8,0,91.2,33.7,34.6557,
1966-09-01,3.7,0,,33.8,34.9789,
1966-10-01,3.7,0,,34.0,35.2212,
1966-11-01,3.6,0,88.3,34.0,34.9788,
1966-12-01,3.8,0,,34.1,35.0596,
1967-01-01,3.9,0,,34.2,35.225,
1967-02-01,3.8,0,94.1,34.2,34.8255,
1967-03-01,3.8,0,,34.3,34.6292,
1967-04-01,3.8,0,,34.4,34.9558,
1967-05-01,3.8,0,95.9,34.5,34.6508,
1967-06-01,3.9,0,,34.6,34.6465,
1967-07-01,3.8,0,,34.7,34.5676,
1967-08-01,3.8,0,97.0,34.9,35.2299,
1967-09-01,3.8,0,,35.0,35.1727,
1967-10-01,4.0,0,,35.1,35.4591,
1967-11-01,3.9,0,92.9,35.2,35.9663,
1967-12-01,3.8,0,,35.4,36.3536,
1968-01-01,3.7,0,,35.5,36.3145,
1968-02-01,3.8,0,97.2,35.7,36.4446,
1968-03-01,3.7,0,,35.8,36.5584,
1968-04-01,3.5,0,,35.9,36.6113,
1968-05-01,3.5,0,92.4,36.0,37.022,
1968-06-01,3.7,0,,36.2,37.158,
1968-07-01,3.7,0,,36.4,37.101,
1968-08-01,3.5,0,92.4,36.5,37.2045,
1968-09-01,3.4,0,,36.7,37.3454,
1968-10-01,3.4,0,,36.9,37.4196,
1968-11-01,3.4,0,91.7,37.1,37.9036,
1968-12-01,3.4,0,,37.2,38.0233,
1969-01-01,3.4,0,,37.3,38.2533,
1969-02-01,3.4,0,98.2,37.6,38.4981,
1969-03-01,3.4,0,,37.8,38.8,
1969-04-01,3.4,0,,38.1,38.6573,
1969-05-01,3.4,0,91.5,38.1,38.5111,
1969-06-01,3.5,0,,38.3,38.8874,
1969-07-01,3.5,0,,38.5,39.0927,
1969-08-01,3.5,0,86.4,38.7,39.1825,
1969-09-01,3.7,0,,38.9,39.1737,
1969-10-01,3.7,0,,39.1,39.1852,
1969-11-01,3.5,0,79.7,39.2,38.8158,
1969-12-01,3.5,0,,39.4,38.7116,
1970-01-01,3.9,1,,39.6,37.9948,
1970-02-01,4.2,1,78.1,39.8,37.9698,
1970-03-01,4.4,1,,40.1,37.9205,
1970-04-01,4.6,1,,40.4,37.823,
1970-05-01,4.8,1,75.4,40.5,37.7789,
1970-06-01,4.9,1,,40.8,37.6567,
1970-07-01,5.0,1,,40.9,37.7491,
1970-08-01,5.1,1,77.6,41.1,37.6818,
1970-09-01,5.4,1,,41.3,37.4221,
1970-10-01,5.5,1,,41.5,36.6735,
1970-11-01,5.9,1,72.4,41.8,36.4514,
1970-12-01,6.1,0,,42.0,37.2885,
1971-01-01,5.9,0,,42.1,37.5753,
1971-02-01,5.9,0,78.1,42.2,37.5037,
1971-03-01,6.0,0,,42.2,37.4631,
1971-04-01,5.9,0,,42.4,37.6735,
1971-05-01,5.9,0,80.2,42.6,37.8646,
1971-06-01,5.9,0,,42.8,38.0234,
1971-07-01,6.0,0,,42.9,37.9131,
1971-08-01,6.1,0,82.1,43.0,37.693,
1971-09-01,6.0,0,,43.0,38.3056,
1971-10-01,5.8,0,,43.1,38.5924,
1971-11-01,6.0,0,82.0,43.2,38.7561,
1971-12-01,6.0,0,,43.3,39.2035,
1972-01-01,5.8,0,,43.5,40.1408,
1972-02-01,5.7,0,92.8,43.6,40.5459,
1972-03-01,5.8,0,,43.6,40.8263,
1972-04-01,5.7,0,,43.8,41.2348,
1972-05-01,5.7,0,88.6,43.9,41.2405,
1972-06-01,5.7,0,,44.0,41.3497,
1972-07-01,5.6,0,,44.1,41.3035,
1972-08-01,5.6,0,95.2,44.3,41.879,
1972-09-01,5.5,0,,44.3,42.2132,
1972-10-01,5.6,0,,44.4,42.7494,
1972-11-01,5.3,0,90.7,44.4,43.2548,
1972-12-01,5.2,0,,44.6,43.7367,
1973-01-01,4.9,0,,44.6,44.0529,
1973-02-01,5.0,0,81.9,44.8,44.6827,
1973-03-01,4.9,0,,45.0,44.7045,
1973-04-01,5.0,0,,45.1,44.6387,
1973-05-01,4.9,0,77.0,45.3,44.9429,
1973-06-01,4.9,0,,45.4,45.0035,
1973-07-01,4.8,0,,45.5,45.1636,
1973-08-01,4.8,0,72.0,45.7,45.1019,
1973-09-01,4.8,0,,46.0,45.4624,
1973-10-01,4.6,0,,46.3,45.847,
1973-11-01,4.8,0,76.5,46.5,46.0553,
1973-12-01,4.9,1,,46.7,45.923,
1974-01-01,5.1,1,,46.9,45.6204,
1974-02-01,5.2,1,61.8,47.2,45.4759,
1974-03-01,5.1,1,,47.6,45.4777,
1974-04-01,5.1,1,,47.9,45.3451,
1974-05-01,5.1,1,72.1,48.5,45.7044,
1974-06-01,5.4,1,,49.0,45.6238,
1974-07-01,5.5,1,,49.5,45.7221,
1974-08-01,5.5,1,64.4,50.2,45.2366,
1974-09-01,5.9,1,,50.7,45.2365,
1974-10-01,6.0,1,,51.2,45.1133,
1974-11-01,6.6,1,59.5,51.6,43.6278,
1974-12-01,7.2,1,,52.0,42.0533,
1975-01-01,8.1,1,,52.3,41.4676,
1975-02-01,8.1,1,57.6,52.8,40.5165,
1975-03-01,8.6,1,,53.0,40.0638,
1975-04-01,8.8,0,,53.3,40.1573,
1975-05-01,9.0,0,72.8,53.5,40.0253,
1975-06-01,8.8,0,,53.8,40.2772,
1975-07-01,8.6,0,,54.0,40.6994,
1975-08-01,8.4,0,75.7,54.2,41.0998,
1975-09-01,8.4,0,,54.5,41.6304,
1975-10-01,8.4,0,,54.8,41.8135,
1975-11-01,8.3,0,75.6,55.2,41.8697,
1975-12-01,8.2,0,,55.5,42.4414,
1976-01-01,7.9,0,,55.9,43.0012,
1976-02-01,7.7,0,84.6,56.2,43.4229,
1976-03-01,7.6,0,,56.5,43.5168,
1976-04-01,7.7,0,,56.7,43.7327,
1976-05-01,7.4,0,83.3,57.0,43.9186,
1976-06-01,7.6,0,,57.2,43.9637,
1976-07-01,7.8,0,,57.6,44.2141,
1976-08-01,7.8,0,89.7,57.9,44.5182,
1976-09-01,7.6,0,,58.2,44.6721,
1976-10-01,7.7,0,,58.5,44.6585,
1976-11-01,7.8,0,87.0,58.7,45.3392,
1976-12-01,7.8,0,,58.9,45.8294,
1977-01-01,7.5,0,,59.3,45.5087,
1977-02-01,7.6,0,87.1,59.7,46.2277,
1977-03-01,7.4,0,,60.0,46.8185,
1977-04-01,7.2,0,,60.3,47.2684,
1977-05-01,7.0,0,90.2,60.6,47.6411,
1977-06-01,7.2,0,,61.0,48.0116,
1977-07-01,6.9,0,,61.2,48.073,
1977-08-01,7.0,0,89.0,61.5,48.1205,
1977-09-01,6.8,0,,61.8,48.3189,
1977-10-01,6.8,0,,62.0,48.3871,
1977-11-01,6.8,0,84.4,62.3,48.4761,
1977-12-01,6.4,0,,62.7,48.5629,
1978-01-01,6.4,0,83.7,63.1,47.8481,
1978-02-01,6.3,0,84.3,63.4,48.1044,
1978-03-01,6.3,0,78.8,63.8,49.0265,
1978-04-01,6.1,0,81.6,64.3,50.0206,
1978-05-01,6.0,0,82.9,64.7,50.254,
1978-06-01,5.9,0,80.0,65.2,50.5801,
1978-07-01,6.2,0,82.4,65.6,50.5384,
1978-08-01,5.9,0,78.4,66.1,50.7458,
1978-09-01,6.0,0,80.4,66.7,50.8744,
1978-10-01,5.8,0,79.3,67.2,51.2559,
1978-11-01,5.9,0,75.0,67.6,51.6514,
1978-12-01,6.0,0,66.1,68.0,51.909,
1979-01-01,5.9,0,72.1,68.5,51.6278,
1979-02-01,5.9,0,73.9,69.2,51.8752,
1979-03-01,5.8,0,68.4,69.8,52.0446,
1979-04-01,5.8,0,66.0,70.3,51.4193,
1979-05-01,5.6,0,68.1,70.8,51.8856,
1979-06-01,5.7,0,65.8,71.3,51.8965,
1979-07-01,5.7,0,60.4,71.9,51.8097,
1979-08-01,6.0,0,64.5,72.7,51.4684,
1979-09-01,5.9,0,66.7,73.3,51.4597,
1979-10-01,6.0,0,62.1,74.0,51.8334,
1979-11-01,5.9,0,63.3,74.8,51.7531,
1979-12-01,6.0,0,61.0,75.7,51.7878,
1980-01-01,6.3,0,67.0,76.7,52.0679,
1980-02-01,6.3,1,66.9,77.5,52.082,
1980-03-01,6.3,1,56.5,78.6,51.87,
1980-04-01,6.9,1,52.7,79.5,50.8397,
1980-05-01,7.5,1,51.7,80.1,49.589,
1980-06-01,7.6,1,58.7,81.0,48.9482,
1980-07-01,7.8,1,62.3,80.8,48.6039,
1980-08-01,7.7,0,67.3,81.3,48.7563,
1980-09-01,7.5,0,73.7,82.1,49.5608,
1980-10-01,7.5,0,75.0,83.0,50.1908,
1980-11-01,7.5,0,76.7,83.9,51.0311,
1980-12-01,7.2,0,64.5,84.9,51.3708,
1981-01-01,7.5,0,71.4,85.4,51.0415,
1981-02-01,7.4,0,66.9,85.9,50.824,
1981-03-01,7.4,0,66.5,86.4,51.0826,
1981-04-01,7.2,0,72.4,87.0,50.858,
1981-05-01,7.5,0,76.3,87.8,51.1495,
1981-06-01,7.5,0,73.1,88.6,51.4101,
1981-07-01,7.2,0,74.1,89.8,51.7471,
1981-08-01,7.4,1,77.2,90.7,51.6826,
1981-09-01,7.6,1,73.1,91.8,51.4337,
1981-10-01,7.9,1,70.3,92.1,51.0281,
1981-11-01,8.3,1,62.5,92.5,50.435,
1981-12-01,8.5,1,64.3,93.0,49.8987,
1982-01-01,8.6,1,71.0,93.3,48.8685,
1982-02-01,8.9,1,66.5,93.8,49.8636,
1982-03-01,9.0,1,62.0,93.9,49.5323,
1982-04-01,9.3,1,65.5,94.7,49.075,
1982-05-01,9.4,1,67.5,95.4,48.7483,
1982-06-01,9.6,1,65.7,96.1,48.6214,
1982-07-01,9.8,1,65.4,96.7,48.4616,
1982-08-01,9.8,1,65.4,97.1,48.0192,
1982-09-01,10.1,1,69.3,97.2,47.9008,
1982-10-01,10.4,1,73.4,97.5,47.4371,
1982-11-01,10.8,1,72.1,97.3,47.283,
1982-12-01,10.8,0,71.9,97.2,46.9485,
1983-01-01,10.4,0,70.4,97.6,47.8234,
1983-02-01,10.4,0,74.6,98.0,47.5233,
1983-03-01,10.3,0,80.8,98.2,47.9244,
1983-04-01,10.2,0,89.1,98.6,48.5311,
1983-05-01,10.1,0,93.3,98.9,48.8239,
1983-06-01,10.1,0,92.2,99.2,49.123,
1983-07-01,9.4,0,92.8,99.8,49.8546,
1983-08-01,9.5,0,90.9,100.1,50.4443,
1983-09-01,9.2,0,89.9,100.5,51.178,
1983-10-01,8.8,0,89.3,101.0,51.5693,
1983-11-01,8.5,0,91.1,101.5,51.7993,
1983-12-01,8.3,0,94.2,101.8,52.0594,
1984-01-01,8.0,0,100.1,102.5,53.0985,
1984-02-01,7.8,0,97.4,102.8,53.3318,
1984-03-01,7.8,0,101.0,103.2,53.5929,
1984-04-01,7.7,0,96.1,103.7,53.91,
1984-05-01,7.4,0,98.1,104.1,54.2026,
1984-06-01,7.2,0,95.5,104.5,54.4014,
1984-07-01,7.5,0,96.6,105.0,54.5521,
1984-08-01,7.5,0,99.1,105.4,54.6083,
1984-09-01,7.3,0,100.9,105.8,54.4466,
1984-10-01,7.4,0,96.3,106.2,54.4406,
1984-11-01,7.2,0,95.7,106.4,54.624,
1984-12-01,7.3,0,92.9,106.8,54.6416,
1985-01-01,7.3,0,96.0,107.1,54.6322,
1985-02-01,7.2,0,93.7,107.7,54.7825,
1985-03-01,7.2,0,93.7,108.1,54.8653,
1985-04-01,7.3,0,94.6,108.4,54.7459,
1985-05-01,7.2,0,91.8,108.8,54.8255,
1985-06-01,7.4,0,96.5,109.1,54.7989,
1985-07-01,7.4,0,94.0,109.4,54.5396,
1985-08-01,7.1,0,92.4,109.8,54.7055,
1985-09-01,7.1,0,92.1,110.0,54.8906,
1985-10-01,7.1,0,88.4,110.5,54.7199,
1985-11-01,7.0,0,90.9,111.1,54.9124,
1985-12-01,7.0,0,93.9,111.4,55.4412,
1986-01-01,6.7,0,95.6,111.9,55.7481,
1986-02-01,7.2,0,95.9,112.2,55.3568,
1986-03-01,7.2,0,95.1,112.5,54.9625,
1986-04-01,7.1,0,96.2,112.9,55.0413,
1986-05-01,7.2,0,94.8,113.1,55.1226,
1986-06-01,7.2,0,99.3,113.4,54.9005,
1986-07-01,7.0,0,97.7,113.8,55.2592,
1986-08-01,6.9,0,94.9,114.2,55.1567,
1986-09-01,7.0,0,91.9,114.6,55.2975,
1986-10-01,7.0,0,95.6,115.0,55.5332,
1986-11-01,6.9,0,91.4,115.3,55.7557,
1986-12-01,6.6,0,89.1,115.6,56.2845,
1987-01-01,6.6,0,90.4,115.9,56.0882,
1987-02-01,6.6,0,90.2,116.2,56.8275,
1987-03-01,6.6,0,90.8,116.6,56.9098,
1987-04-01,6.3,0,92.8,117.3,57.2701,
1987-05-01,6.3,0,91.1,117.7,57.6322,
1987-06-01,6.2,0,91.5,117.9,57.9307,
1987-07-01,6.1,0,93.7,118.3,58.3258,
1987-08-01,6.0,0,94.4,118.7,58.7636,
1987-09-01,5.9,0,93.6,119.2,58.9951,
1987-10-01,6.0,0,89.3,119.8,59.781,
1987-11-01,5.8,0,83.1,120.1,60.0726,
1987-12-01,5.7,0,86.8,120.4,60.4095,
1988-01-01,5.7,0,90.8,120.9,60.3976,
1988-02-01,5.7,0,91.6,121.2,60.7003,
1988-03-01,5.7,0,94.6,121.7,60.8501,
1988-04-01,5.4,0,91.2,122.3,61.2031,
1988-05-01,5.6,0,94.8,122.7,61.0797,
1988-06-01,5.4,0,94.7,123.2,61.2569,
1988-07-01,5.4,0,93.4,123.6,61.2659,
1988-08-01,5.6,0,97.4,124.0,61.5731,
1988-09-01,5.4,0,97.3,124.7,61.3807,
1988-10-01,5.4,0,94.1,125.2,61.6453,
1988-11-01,5.3,0,93.0,125.6,61.7944,
1988-12-01,5.3,0,91.9,126.0,62.0743,
1989-01-01,5.4,0,97.9,126.5,62.2574,
1989-02-01,5.2,0,95.4,126.9,61.9819,
1989-03-01,5.0,0,94.3,127.4,62.1369,
1989-04-01,5.2,0,91.5,127.8,62.1276,
1989-05-01,5.2,0,90.7,128.3,61.7744,
1989-06-01,5.3,0,90.6,128.8,61.7697,
1989-07-01,5.2,0,92.0,129.2,61.1738,
1989-08-01,5.2,0,89.6,129.5,61.7732,
1989-09-01,5.3,0,95.8,129.9,61.5796,
1989-10-01,5.3,0,93.9,130.6,61.4966,
1989-11-01,5.4,0,90.9,131.1,61.7044,
1989-12-01,5.4,0,90.5,131.6,62.0428,
1990-01-01,5.4,0,93.0,132.1,61.729,
1990-02-01,5.3,0,89.5,132.7,62.2896,
1990-03-01,5.2,0,91.3,133.5,62.5999,
1990-04-01,5.4,0,93.9,134.0,62.4359,
1990-05-01,5.4,0,90.6,134.4,62.6258,
1990-06-01,5.2,0,88.3,135.1,62.8382,
1990-07-01,5.5,0,88.2,135.8,62.7284,
1990-08-01,5.7,1,76.4,136.6,62.9475,
1990-09-01,5.9,1,72.8,137.1,62.9523,
1990-10-01,5.9,1,63.9,137.6,62.5845,
1990-11-01,6.2,1,66.0,138.0,61.7887,
1990-12-01,6.3,1,65.5,138.6,61.3352,
1991-01-01,6.4,1,66.8,139.5,61.1355,
1991-02-01,6.6,1,70.4,140.2,60.6838,
1991-03-01,6.8,1,87.7,140.5,60.3346,
1991-04-01,6.7,0,81.8,140.9,60.4938,
1991-05-01,6.9,0,78.3,141.3,61.0633,
1991-06-01,6.9,0,82.1,141.8,61.5581,
1991-07-01,6.8,0,82.9,142.3,61.7305,
1991-08-01,6.9,0,82.0,142.9,61.7298,
1991-09-01,6.9,0,83.0,143.4,62.2195,
1991-10-01,7.0,0,78.3,143.7,62.1855,
1991-11-01,7.0,0,69.1,144.2,62.0871,
1991-12-01,7.3,0,68.2,144.7,61.7852,
1992-01-01,7.3,0,67.5,145.1,61.4616,
1992-02-01,7.4,0,68.8,145.4,61.8955,
1992-03-01,7.4,0,76.0,145.9,62.4232,
1992-04-01,7.4,0,77.2,146.3,62.897,
1992-05-01,7.6,0,79.2,146.8,63.104,
1992-06-01,7.8,0,80.4,147.1,63.1363,
1992-07-01,7.7,0,76.6,147.6,63.7176,
1992-08-01,7.6,0,76.1,147.9,63.3613,
1992-09-01,7.6,0,75.6,148.1,63.5703,
1992-10-01,7.3,0,73.3,148.8,63.9995,
1992-11-01,7.4,0,85.3,149.2,64.2422,
1992-12-01,7.4,0,91.0,149.6,64.3507,
1993-01-01,7.3,0,89.3,150.1,64.5978,
1993-02-01,7.1,0,86.6,150.6,64.9089,
1993-03-01,7.0,0,85.9,150.8,64.8522,
1993-04-01,7.1,0,85.6,151.4,65.0301,
1993-05-01,7.1,0,80.3,151.8,64.784,
1993-06-01,7.0,0,81.5,152.1,64.9301,
1993-07-01,6.9,0,77.0,152.3,65.1052,
1993-08-01,6.8,0,77.3,152.8,65.0267,
1993-09-01,6.7,0,77.9,152.9,65.3717,
1993-10-01,6.8,0,82.7,153.4,65.8509,
1993-11-01,6.6,0,81.2,153.9,66.1518,
1993-12-01,6.5,0,88.2,154.3,66.5436,
1994-01-01,6.6,0,94.3,154.5,66.7351,
1994-02-01,6.6,0,93.2,154.8,66.774,
1994-03-01,6.5,0,91.5,155.3,67.4552,
1994-04-01,6.4,0,92.6,155.5,67.8541,
1994-05-01,6.1,0,92.8,155.9,68.1663,
1994-06-01,6.1,0,91.2,156.4,68.6265,
1994-07-01,6.1,0,89.0,156.7,68.7178,
1994-08-01,6.0,0,91.7,157.1,69.1785,
1994-09-01,5.9,0,91.5,157.5,69.3961,
1994-10-01,5.8,0,92.7,157.8,69.9544,
1994-11-01,5.6,0,91.6,158.2,70.4326,
1994-12-01,5.5,0,95.1,158.3,71.1523,
1995-01-01,5.6,0,97.6,159.0,71.2734,
1995-02-01,5.4,0,95.1,159.4,71.193,
1995-03-01,5.4,0,90.3,159.9,71.3113,
1995-04-01,5.8,0,92.5,160.4,71.1882,
1995-05-01,5.6,0,89.8,160.7,71.5378,
1995-06-01,5.6,0,92.7,161.1,71.7749,
1995-07-01,5.7,0,94.4,161.4,71.4748,
1995-08-01,5.7,0,96.2,161.8,72.4223,
1995-09-01,5.6,0,88.9,162.2,72.7144,
1995-10-01,5.5,0,90.2,162.7,72.5866,
1995-11-01,5.6,0,88.2,163.0,72.7779,
1995-12-01,5.6,0,91.0,163.1,73.0305,
1996-01-01,5.6,0,89.3,163.7,72.6125,
1996-02-01,5.5,0,88.5,164.0,73.6752,
1996-03-01,5.5,0,93.7,164.4,73.585,
1996-04-01,5.6,0,92.7,164.6,74.3172,
1996-05-01,5.6,0,89.4,165.0,74.8726,
1996-06-01,5.3,0,92.4,165.4,75.4433,
1996-07-01,5.5,0,94.7,165.7,75.4549,
1996-08-01,5.1,0,95.3,166.0,75.8411,
1996-09-01,5.2,0,94.7,166.5,76.3158,
1996-10-01,5.2,0,96.5,166.8,76.3384,
1996-11-01,5.4,0,99.2,167.2,77.0397,
1996-12-01,5.4,0,96.9,167.4,77.5333,
1997-01-01,5.3,0,97.4,167.8,77.6562,
1997-02-01,5.2,0,99.7,168.1,78.5833,
1997-03-01,5.2,0,100.0,168.4,79.082,
1997-04-01,5.1,0,101.4,168.9,79.1747,
1997-05-01,4.9,0,103.2,169.2,79.6133,
1997-06-01,5.0,0,104.5,169.4,79.9792,
1997-07-01,4.9,0,107.1,169.7,80.6624,
1997-08-01,4.8,0,104.4,169.8,81.4694,
1997-09-01,4.9,0,106.0,170.2,82.2156,
1997-10-01,4.7,0,105.6,170.6,82.9446,
1997-11-01,4.6,0,107.2,170.8,83.5978,
1997-12-01,4.7,0,102.1,171.2,83.9538,
1998-01-01,4.6,0,106.6,171.6,84.3218,
1998-02-01,4.6,0,110.4,171.9,84.4583,
1998-03-01,4.7,0,106.5,172.2,84.488,
1998-04-01,4.3,0,108.7,172.5,84.7779,
1998-05-01,4.4,0,106.5,172.9,85.3367,
1998-06-01,4.5,0,105.6,173.2,84.8248,
1998-07-01,4.5,0,105.2,173.5,84.4986,
1998-08-01,4.5,0,104.4,174.0,86.248,
1998-09-01,4.6,0,100.9,174.2,86.2021,
1998-10-01,4.5,0,97.4,174.4,86.7914,
1998-11-01,4.4,0,102.7,174.8,86.7256,
1998-12-01,4.4,0,100.5,175.4,87.1185,
1999-01-01,4.3,0,103.9,175.6,87.4949,
1999-02-01,4.4,0,108.1,175.6,88.027,
1999-03-01,4.2,0,105.7,175.7,88.2267,
1999-04-01,4.3,0,104.6,176.3,88.4295,
1999-05-01,4.2,0,106.8,176.5,88.9886,
1999-06-01,4.3,0,107.3,176.6,88.9188,
1999-07-01,4.3,0,106.0,177.1,89.4333,
1999-08-01,4.2,0,104.5,177.3,89.7924,
1999-09-01,4.2,0,107.2,177.8,89.4299,
1999-10-01,4.1,0,103.2,178.1,90.523,
1999-11-01,4.1,0,107.2,178.4,90.9618,
1999-12-01,4.0,0,105.4,178.7,91.6634,
2000-01-01,4.0,0,112.0,179.3,91.538,
2000-02-01,4.1,0,111.3,179.4,91.8239,
2000-03-01,4.0,0,107.1,180.0,92.1504,
2000-04-01,3.8,0,109.2,180.3,92.6989,
2000-05-01,4.0,0,110.7,180.7,92.9499,
2000-06-01,4.0,0,106.4,181.1,92.9862,
2000-07-01,4.0,0,108.3,181.5,92.8048,
2000-08-01,4.1,0,107.3,181.9,92.5521,
2000-09-01,3.9,0,106.8,182.3,92.9792,
2000-10-01,3.9,0,105.8,182.6,92.6179,
2000-11-01,3.9,0,107.6,183.1,92.6438,
2000-12-01,3.9,0,98.4,183.3,92.3415,
2001-01-01,4.2,0,94.7,183.9,91.902,
2001-02-01,4.2,0,90.6,184.4,91.3034,
2001-03-01,4.3,0,91.5,184.7,91.1162,
2001-04-01,4.4,1,88.4,185.1,90.7891,
2001-05-01,4.3,1,92.0,185.3,90.3555,
2001-06-01,4.5,1,92.6,186.0,89.8784,
2001-07-01,4.6,1,92.4,186.4,89.3028,
2001-08-01,4.9,1,91.5,186.7,89.2003,
2001-09-01,5.0,1,81.8,187.1,88.7485,
2001-10-01,5.3,1,82.7,187.4,88.5052,
2001-11-01,5.5,1,83.9,188.1,87.97,
2001-12-01,5.7,0,88.8,188.4,87.9324,
2002-01-01,5.7,0,93.0,188.7,88.5176,
2002-02-01,5.7,0,90.7,189.1,88.5278,
2002-03-01,5.7,0,95.7,189.2,89.1686,
2002-04-01,5.9,0,93.0,189.7,89.604,
2002-05-01,5.8,0,96.9,190.0,89.964,
2002-06-01,5.8,0,92.4,190.2,90.7061,
2002-07-01,5.8,0,88.1,190.5,90.6769,
2002-08-01,5.7,0,87.6,191.1,90.5762,
2002-09-01,5.7,0,86.1,191.3,90.6531,
2002-10-01,5.7,0,80.6,191.5,90.4643,
2002-11-01,5.9,0,84.2,191.9,90.9711,
2002-12-01,6.0,0,86.7,192.1,90.4652,
2003-01-01,5.8,0,82.4,192.4,91.2361,
2003-02-01,5.9,0,79.9,192.5,91.3445,
2003-03-01,5.9,0,77.6,192.5,91.1044,
2003-04-01,6.0,0,86.0,192.5,90.5617,
2003-05-01,6.1,0,92.1,192.9,90.537,
2003-06-01,6.3,0,89.7,193.0,90.6527,
2003-07-01,6.2,0,90.9,193.4,91.1185,
2003-08-01,6.1,0,89.3,193.6,90.9197,
2003-09-01,6.1,0,87.7,193.7,91.5059,
2003-10-01,6.0,0,89.6,194.0,91.6186,
2003-11-01,5.8,0,93.7,194.0,92.2329,
2003-12-01,5.7,0,92.6,194.2,92.2602,
2004-01-01,5.7,0,103.8,194.6,92.4006,
2004-02-01,5.6,0,94.4,194.9,92.958,
2004-03-01,5.8,0,95.8,195.5,92.5861,
2004-04-01,5.6,0,94.2,195.9,92.93,
2004-05-01,5.6,0,90.2,196.2,93.6013,
2004-06-01,5.6,0,95.6,196.6,92.871,
2004-07-01,5.5,0,96.7,196.8,93.5649,
2004-08-01,5.4,0,95.9,196.9,93.6277,
2004-09-01,5.4,0,94.2,197.5,93.7467,
2004-10-01,5.5,0,91.7,197.9,94.5465,
2004-11-01,5.4,0,92.8,198.3,94.7813,
2004-12-01,5.4,0,97.1,198.6,95.5365,
2005-01-01,5.3,0,95.5,199.0,95.8801,
2005-02-01,5.4,0,94.1,199.4,96.5761,
2005-03-01,5.2,0,92.6,200.1,96.4456,
2005-04-01,5.2,0,87.7,200.2,96.6532,
2005-05-01,5.1,0,86.9,200.5,96.7402,
2005-06-01,5.0,0,96.0,200.6,97.1753,
2005-07-01,5.0,0,96.5,200.9,96.8676,
2005-08-01,4.9,0,89.1,201.1,97.1833,
2005-09-01,5.0,0,76.9,201.3,95.3005,
2005-10-01,5.0,0,74.2,202.0,96.4572,
2005-11-01,5.0,0,81.6,202.5,97.5414,
2005-12-01,4.9,0,91.5,202.8,98.0452,
2006-01-01,4.7,0,91.2,203.2,98.1999,
2006-02-01,4.8,0,86.7,203.6,98.2413,
2006-03-01,4.7,0,88.9,204.3,98.4628,
2006-04-01,4.7,0,87.4,204.8,98.7618,
2006-05-01,4.6,0,79.1,205.4,98.7869,
2006-06-01,4.6,0,84.9,205.9,99.0997,
2006-07-01,4.7,0,84.7,206.3,99.0489,
2006-08-01,4.7,0,82.0,206.8,99.4836,
2006-09-01,4.5,0,85.4,207.2,99.3183,
2006-10-01,4.4,0,93.6,207.6,99.2044,
2006-11-01,4.5,0,92.1,207.8,99.1627,
2006-12-01,4.4,0,91.7,208.1,100.1735,
2007-01-01,4.6,0,96.9,208.6,99.8346,
2007-02-01,4.5,0,91.3,209.135,100.7753,
2007-03-01,4.4,0,88.4,209.418,100.9547,
2007-04-01,4.5,0,87.1,209.747,101.6334,
2007-05-01,4.4,0,88.3,210.058,101.7306,
2007-06-01,4.6,0,85.3,210.392,101.7893,
2007-07-01,4.7,0,90.4,210.773,101.6672,
2007-08-01,4.6,0,83.4,211.119,101.863,
2007-09-01,4.7,0,83.4,211.554,102.0894,
2007-10-01,4.7,0,80.9,212.077,101.8015,
2007-11-01,4.7,0,76.1,212.66,102.3446,
2007-12-01,5.0,0,75.5,213.168,102.3803,
2008-01-01,5.0,1,78.4,213.771,102.2448,
2008-02-01,4.9,1,70.8,213.939,101.8438,
2008-03-01,5.1,1,69.5,214.42,101.5336,
2008-04-01,5.0,1,62.6,214.56,100.8785,
2008-05-01,5.4,1,59.8,214.936,100.2674,
2008-06-01,5.6,1,56.4,215.424,100.0335,
2008-07-01,5.8,1,61.2,215.965,99.676,
2008-08-01,6.1,1,63.0,216.393,98.1111,
2008-09-01,6.1,1,70.3,216.713,93.7895,
2008-10-01,6.5,1,57.6,216.788,94.7219,
2008-11-01,6.8,1,55.3,216.947,93.4715,
2008-12-01,7.3,1,60.1,216.925,90.8357,
2009-01-01,7.8,1,61.2,217.346,88.57,
2009-02-01,8.3,1,56.3,217.792,88.031,
2009-03-01,8.7,1,57.3,218.253,86.6528,
2009-04-01,9.0,1,65.1,218.706,85.9344,
2009-05-01,9.4,1,68.7,218.904,85.0665,
2009-06-01,9.5,1,70.8,219.112,84.7459,
2009-07-01,9.5,0,66.0,219.263,85.7027,
2009-08-01,9.6,0,65.7,219.496,86.6426,
2009-09-01,9.8,0,73.5,219.92,87.4063,
2009-10-01,10.0,0,70.6,220.501,87.6419,
2009-11-01,9.9,0,67.4,220.666,88.0221,
2009-12-01,9.9,0,72.5,220.881,88.3793,
2010-01-01,9.8,0,74.4,220.633,89.3426,
2010-02-01,9.8,0,73.6,220.731,89.6779,
2010-03-01,9.9,0,73.6,220.783,90.2928,
2010-04-01,9.9,0,72.2,220.822,90.5991,
2010-05-01,9.6,0,73.6,220.962,91.823,
2010-06-01,9.4,0,76.0,221.194,91.9928,
2010-07-01,9.4,0,67.8,221.363,92.3421,
2010-08-01,9.5,0,68.9,221.509,92.6805,
2010-09-01,9.5,0,68.2,221.711,92.9537,
2010-10-01,9.4,0,67.7,221.83,92.6903,
2010-11-01,9.8,0,71.6,222.149,92.7709,
2010-12-01,9.3,0,74.5,222.343,93.6787,
2011-01-01,9.1,0,74.2,222.803,93.4814,
2011-02-01,9.0,0,77.5,223.213,93.1102,
2011-03-01,9.0,0,67.5,223.454,94.0788,
2011-04-01,9.1,0,69.8,223.727,93.7749,
2011-05-01,9.0,0,74.3,224.175,93.888,
2011-06-01,9.1,0,71.5,224.697,94.172,
2011-07-01,9.0,0,63.7,225.218,94.636,
2011-08-01,9.0,0,55.8,225.862,95.2749,
2011-09-01,9.0,0,59.5,226.118,95.1961,
2011-10-01,8.8,0,60.8,226.506,95.8568,
2011-11-01,8.6,0,63.7,226.899,95.8485,
2011-12-01,8.5,0,69.9,227.405,96.3571,
2012-01-01,8.3,0,75.0,227.877,96.9318,
2012-02-01,8.3,0,75.3,228.034,97.2435,
2012-03-01,8.2,0,76.2,228.478,96.74,
2012-04-01,8.2,0,76.4,228.905,97.4359,
2012-05-01,8.2,0,79.3,229.224,97.6609,
2012-06-01,8.2,0,73.2,229.623,97.6663,
2012-07-01,8.2,0,72.3,229.97,97.8713,
2012-08-01,8.1,0,74.3,230.233,97.4525,
2012-09-01,7.8,0,78.3,230.659,97.381,
2012-10-01,7.8,0,82.6,231.024,97.7193,
2012-11-01,7.7,0,82.7,231.33,98.0777,
2012-12-01,7.9,0,72.9,231.725,98.3101,
2013-01-01,8.0,0,73.8,232.229,98.3342,
2013-02-01,7.7,0,77.6,232.569,98.7941,
2013-03-01,7.5,0,78.6,232.794,99.1921,
2013-04-01,7.6,0,76.4,232.832,99.1065,
2013-05-01,7.5,0,84.5,232.996,99.1839,
2013-06-01,7.5,0,84.1,233.35,99.3897,
2013-07-01,7.3,0,85.1,233.88,99.0814,
2013-08-01,7.2,0,82.1,234.336,99.6543,
2013-09-01,7.2,0,77.5,234.7,100.161,
2013-10-01,7.2,0,73.2,234.921,100.082,
2013-11-01,6.9,0,75.1,235.359,100.3158,
2013-12-01,6.7,0,82.5,235.759,100.5175,
2014-01-01,6.6,0,81.2,235.961,100.1599,
2014-02-01,6.7,0,81.6,236.185,100.9168,
2014-03-01,6.7,0,80.0,236.625,101.8942,
2014-04-01,6.2,0,84.1,237.072,101.9928,
2014-05-01,6.3,0,81.9,237.529,102.3836,
2014-06-01,6.1,0,82.5,237.837,102.735,
2014-07-01,6.2,0,81.8,238.195,102.9632,
2014-08-01,6.1,0,82.5,238.405,102.7688,
2014-09-01,5.9,0,84.6,238.786,103.0641,
2014-10-01,5.7,0,86.9,239.191,103.0764,
2014-11-01,5.8,0,88.8,239.458,103.7126,
2014-12-01,5.6,0,93.6,239.584,103.7044,
2015-01-01,5.7,0,98.1,239.811,102.8905,
2015-02-01,5.5,0,95.4,240.172,102.2335,
2015-03-01,5.4,0,93.0,240.755,101.8914,
2015-04-01,5.4,0,95.9,241.346,101.3355,
2015-05-01,5.6,0,90.7,241.688,100.8883,
2015-06-01,5.3,0,96.1,242.064,100.571,
2015-07-01,5.2,0,93.1,242.565,101.2228,
2015-08-01,5.1,0,91.9,242.817,101.0367,
2015-09-01,5.0,0,87.2,243.316,100.7547,
2015-10-01,5.0,0,90.0,243.768,100.2675,
2015-11-01,5.1,0,91.3,244.241,99.5298,
2015-12-01,5.0,0,92.6,244.547,99.0417,
2016-01-01,4.8,0,92.0,244.955,99.5607,
2016-02-01,4.9,0,91.7,245.51,99.0445,
2016-03-01,5.0,0,91.0,245.913,98.3096,
2016-04-01,5.1,0,89.0,246.551,98.6421,
2016-05-01,4.8,0,94.7,247.137,98.4184,
2016-06-01,4.9,0,93.5,247.54,98.8833,
2016-07-01,4.8,0,90.0,247.829,98.9992,
2016-08-01,4.9,0,89.8,248.423,98.85,
2016-09-01,5.0,0,91.2,248.842,98.7457,
2016-10-01,4.9,0,87.2,249.142,98.7611,
2016-11-01,4.7,0,93.8,249.481,98.3491,
2016-12-01,4.7,0,98.2,249.92,99.0214,
2017-01-01,4.7,0,98.5,250.467,98.7611,
2017-02-01,4.6,0,96.3,250.998,98.3646,
2017-03-01,4.4,0,96.9,250.944,99.0137,
2017-04-01,4.4,0,97.0,251.227,100.0224,
2017-05-01,4.4,0,97.1,251.43,100.1408,
2017-06-01,4.3,0,95.0,251.746,100.3471,
2017-07-01,4.3,0,93.4,251.985,100.1068,
2017-08-01,4.4,0,96.8,252.535,99.6925,
2017-09-01,4.3,0,95.1,252.812,99.7954,
2017-10-01,4.2,0,100.7,253.526,101.0247,
2017-11-01,4.2,0,98.5,253.816,101.2664,
2017-12-01,4.1,0,95.9,254.344,101.4644,
2018-01-01,4.0,0,95.7,255.204,101.4625,
2018-02-01,4.1,0,99.7,255.711,101.7085,
2018-03-01,4.0,0,101.4,256.271,102.2067,
2018-04-01,4.0,0,98.8,256.63,103.3329,
2018-05-01,3.8,0,98.0,257.145,102.4024,
2018-06-01,4.0,0,98.2,257.399,103.198,
2018-07-01,3.8,0,97.9,257.699,103.3646,
2018-08-01,3.8,0,96.2,257.891,104.0327,
2018-09-01,3.7,0,100.1,258.368,104.1004,
2018-10-01,3.8,0,98.6,258.917,103.9856,
2018-11-01,3.8,0,97.5,259.439,104.0681,
2018-12-01,3.9,0,98.3,260.063,104.0936,
2019-01-01,4.0,0,91.2,260.766,103.4021,
2019-02-01,3.8,0,93.8,261.186,102.8371,
2019-03-01,3.8,0,98.4,261.567,102.8757,
2019-04-01,3.7,0,97.2,261.997,102.274,
2019-05-01,3.6,0,100.0,262.217,102.392,
2019-06-01,3.6,0,98.2,262.739,102.4375,
2019-07-01,3.7,0,98.4,263.28,101.9408,
2019-08-01,3.6,0,89.8,263.877,102.639,
2019-09-01,3.5,0,93.2,264.388,102.2917,
2019-10-01,3.6,0,95.5,264.97,101.4281,
2019-11-01,3.6,0,96.8,265.548,101.9372,
2019-12-01,3.6,0,99.3,266.02,101.7003,
2020-01-01,3.6,0,99.8,266.716,101.0338,
2020-02-01,3.5,0,101.0,267.37,101.3735,
2020-03-01,4.4,1,89.1,267.054,97.4078,
2020-04-01,14.8,1,71.8,265.746,84.5619,
2020-05-01,13.2,0,72.3,265.412,85.9604,
2020-06-01,11.0,0,78.1,265.849,91.5934,
2020-07-01,10.2,0,72.5,267.389,95.0256,
2020-08-01,8.4,0,74.1,268.422,95.9549,
2020-09-01,7.8,0,80.4,268.933,95.9669,
2020-10-01,6.9,0,81.8,269.306,96.7394,
2020-11-01,6.7,0,76.9,269.981,97.0816,
2020-12-01,6.7,0,80.7,270.341,98.363,
2021-01-01,6.4,0,79.0,270.387,98.8822,
2021-02-01,6.2,0,76.8,270.793,95.6149,
2021-03-01,6.1,0,84.9,271.459,98.3856,
2021-04-01,6.1,0,88.3,273.66,98.5587,
2021-05-01,5.8,0,82.9,275.465,99.4333,
2021-06-01,5.9,0,85.5,277.651,99.7987,
2021-07-01,5.4,0,81.2,278.648,100.2519,
2021-08-01,5.1,0,70.3,278.997,100.0437,
2021-09-01,4.7,0,72.8,279.698,98.8579,
2021-10-01,4.5,0,71.7,281.668,100.1861,
2021-11-01,4.1,0,67.4,283.406,100.8654,
2021-12-01,3.9,0,70.6,285.18,100.5726,
2022-01-01,4.0,0,67.2,286.757,100.1856,
2022-02-01,3.9,0,62.8,288.273,100.8064,
2022-03-01,3.7,0,59.4,289.056,101.3907,
2022-04-01,3.7,0,65.2,290.514,101.44,
2022-05-01,3.6,0,58.4,292.063,101.3335,
2022-06-01,3.6,0,50.0,294.05,101.018,
2022-07-01,3.5,0,51.5,295.088,101.223,
2022-08-01,3.6,0,58.2,296.535,101.0963,
2022-09-01,3.5,0,58.6,298.226,101.2918,
2022-10-01,3.6,0,59.9,299.399,101.2529,
2022-11-01,3.6,0,56.7,300.325,100.9552,
2022-12-01,3.5,0,59.8,301.394,99.7664,
2023-01-01,3.5,0,64.9,302.642,100.505,
2023-02-01,3.6,0,66.9,304.123,100.6416,
2023-03-01,3.5,0,62.0,305.147,101.0205,
2023-04-01,3.4,0,63.7,306.534,101.253,
2023-05-01,3.6,0,59.0,307.652,100.9286,
2023-06-01,3.6,0,64.2,308.322,100.1196,
2023-07-01,3.5,0,71.5,308.96,100.9067,
2023-08-01,3.7,0,69.4,309.58,100.8393,
2023-09-01,3.7,0,67.8,310.539,101.0211,
2023-10-01,3.9,0,63.8,311.457,100.4689,
2023-11-01,3.7,0,61.3,312.392,100.8639,
2023-12-01,3.8,0,69.7,313.195,100.6031,
2024-01-01,3.7,0,79.0,314.319,99.2223,
2024-02-01,3.9,0,76.9,315.564,100.285,
2024-03-01,3.9,0,79.4,316.792,100.4575,
2024-04-01,3.9,0,77.2,317.649,100.2434,
2024-05-01,3.9,0,69.1,318.095,100.863,
2024-06-01,4.1,0,68.2,318.39,100.894,
2024-07-01,4.2,0,66.4,318.94,99.9757,
2024-08-01,4.2,0,67.9,319.75,100.4309,
2024-09-01,4.1,0,70.1,320.732,99.8084,
2024-10-01,4.1,0,70.5,321.731,99.4695,
2024-11-01,4.2,0,71.8,322.657,99.2925,
2024-12-01,4.1,0,74.0,323.259,100.3273,
2025-01-01,4.0,0,71.7,324.638,100.0647,
2025-02-01,4.2,0,64.7,325.465,101.0993,
2025-03-01,4.2,0,57.0,325.69,101.0404,
2025-04-01,4.2,0,52.2,326.467,101.1279,
2025-05-01,4.3,0,52.2,326.893,100.9655,
2025-06-01,4.1,0,60.7,327.658,101.4785,
2025-07-01,4.3,0,61.7,328.682,101.894,
2025-08-01,4.3,0,58.2,329.7,101.6247,
2025-09-01,4.4,0,55.1,330.418,101.668,
2025-10-01,,0,53.6,,101.2195,
2025-11-01,4.5,0,51.0,331.043,101.0344,
2025-12-01,4.4,0,52.9,331.814,101.4941,
2026-01-01,4.3,0,56.4,332.793,101.0388,
2026-02-01,4.4,0,56.6,333.512,101.9053,
2026-03-01,4.3,0,53.3,334.165,101.7543,
2026-04-01,4.3,0,49.8,335.423,102.5198,
2026-05-01,4.3,0,44.8,336.121,102.5099,
2026-06-01,4.2,0,49.5,336.065,102.7868,
2026-07-01,4.1,0,55.2,336.789,102.9939,
